8.99400000E+08; -7.44865145E+01;  0.00000000E+00
8.99464432E+08; -7.33761642E+01;  0.00000000E+00
8.99528864E+08; -7.44593731E+01;  0.00000000E+00
8.99593297E+08; -7.36743955E+01;  0.00000000E+00
8.99657729E+08; -7.46742176E+01;  0.00000000E+00
8.99722161E+08; -7.60209948E+01;  0.00000000E+00
8.99786593E+08; -7.35678557E+01;  0.00000000E+00
8.99851026E+08; -7.51482616E+01;  0.00000000E+00
8.99915458E+08; -7.52627183E+01;  0.00000000E+00
8.99979890E+08; -7.41889513E+01;  0.00000000E+00
9.00044322E+08; -7.52323947E+01;  0.00000000E+00
9.00108754E+08; -7.35156305E+01;  0.00000000E+00
9.00173187E+08; -7.53435861E+01;  0.00000000E+00
9.00237619E+08; -7.43668734E+01;  0.00000000E+00
9.00302051E+08; -7.34467856E+01;  0.00000000E+00
9.00366483E+08; -7.57049300E+01;  0.00000000E+00
9.00430916E+08; -7.46792310E+01;  0.00000000E+00
9.00495348E+08; -7.42261010E+01;  0.00000000E+00
9.00559780E+08; -7.63514747E+01;  0.00000000E+00
9.00624212E+08; -7.35112948E+01;  0.00000000E+00
9.00688644E+08; -7.38766654E+01;  0.00000000E+00
9.00753077E+08; -7.32887571E+01;  0.00000000E+00
9.00817509E+08; -7.49753383E+01;  0.00000000E+00
9.00881941E+08; -7.36731858E+01;  0.00000000E+00
9.00946373E+08; -7.37286157E+01;  0.00000000E+00
9.01010805E+08; -7.40663855E+01;  0.00000000E+00
9.01075238E+08; -7.35865906E+01;  0.00000000E+00
9.01139670E+08; -7.41064420E+01;  0.00000000E+00
9.01204102E+08; -7.47742364E+01;  0.00000000E+00
9.01268534E+08; -7.44898019E+01;  0.00000000E+00
9.01332967E+08; -7.38693881E+01;  0.00000000E+00
9.01397399E+08; -7.43893292E+01;  0.00000000E+00
9.01461831E+08; -7.49988076E+01;  0.00000000E+00
9.01526263E+08; -7.39854726E+01;  0.00000000E+00
9.01590695E+08; -7.40175390E+01;  0.00000000E+00
9.01655128E+08; -7.42626976E+01;  0.00000000E+00
9.01719560E+08; -7.34002149E+01;  0.00000000E+00
9.01783992E+08; -7.41576701E+01;  0.00000000E+00
9.01848424E+08; -7.47604179E+01;  0.00000000E+00
9.01912856E+08; -7.35620544E+01;  0.00000000E+00
9.01977289E+08; -7.49282586E+01;  0.00000000E+00
9.02041721E+08; -7.43435203E+01;  0.00000000E+00
9.02106153E+08; -7.45369106E+01;  0.00000000E+00
9.02170585E+08; -7.45349321E+01;  0.00000000E+00
9.02235018E+08; -7.42398142E+01;  0.00000000E+00
9.02299450E+08; -7.35527780E+01;  0.00000000E+00
9.02363882E+08; -7.38149391E+01;  0.00000000E+00
9.02428314E+08; -7.40422180E+01;  0.00000000E+00
9.02492746E+08; -7.52171090E+01;  0.00000000E+00
9.02557179E+08; -7.45978070E+01;  0.00000000E+00
9.02621611E+08; -7.45251591E+01;  0.00000000E+00
9.02686043E+08; -7.45873032E+01;  0.00000000E+00
9.02750475E+08; -7.40158333E+01;  0.00000000E+00
9.02814908E+08; -7.35997482E+01;  0.00000000E+00
9.02879340E+08; -7.59284978E+01;  0.00000000E+00
9.02943772E+08; -7.46451638E+01;  0.00000000E+00
9.03008204E+08; -7.49318752E+01;  0.00000000E+00
9.03072636E+08; -7.56815505E+01;  0.00000000E+00
9.03137069E+08; -7.43932611E+01;  0.00000000E+00
9.03201501E+08; -7.37047554E+01;  0.00000000E+00
9.03265933E+08; -7.50251892E+01;  0.00000000E+00
9.03330365E+08; -7.33210962E+01;  0.00000000E+00
9.03394797E+08; -7.38292733E+01;  0.00000000E+00
9.03459230E+08; -7.42087738E+01;  0.00000000E+00
9.03523662E+08; -7.35669301E+01;  0.00000000E+00
9.03588094E+08; -7.44803359E+01;  0.00000000E+00
9.03652526E+08; -7.46562780E+01;  0.00000000E+00
9.03716959E+08; -7.34454492E+01;  0.00000000E+00
9.03781391E+08; -7.45661621E+01;  0.00000000E+00
9.03845823E+08; -7.44616748E+01;  0.00000000E+00
9.03910255E+08; -7.34020147E+01;  0.00000000E+00
9.03974687E+08; -7.41010903E+01;  0.00000000E+00
9.04039120E+08; -7.38067115E+01;  0.00000000E+00
9.04103552E+08; -7.39034251E+01;  0.00000000E+00
9.04167984E+08; -7.49394954E+01;  0.00000000E+00
9.04232416E+08; -7.38381806E+01;  0.00000000E+00
9.04296848E+08; -7.33461048E+01;  0.00000000E+00
9.04361281E+08; -7.35954216E+01;  0.00000000E+00
9.04425713E+08; -7.35919693E+01;  0.00000000E+00
9.04490145E+08; -7.40670564E+01;  0.00000000E+00
9.04554577E+08; -7.44159658E+01;  0.00000000E+00
9.04619010E+08; -7.37071060E+01;  0.00000000E+00
9.04683442E+08; -7.38942754E+01;  0.00000000E+00
9.04747874E+08; -7.31247461E+01;  0.00000000E+00
9.04812306E+08; -7.43497137E+01;  0.00000000E+00
9.04876738E+08; -7.37385266E+01;  0.00000000E+00
9.04941171E+08; -7.31564341E+01;  0.00000000E+00
9.05005603E+08; -7.43887302E+01;  0.00000000E+00
9.05070035E+08; -7.30170928E+01;  0.00000000E+00
9.05134467E+08; -7.37928570E+01;  0.00000000E+00
9.05198899E+08; -7.39259815E+01;  0.00000000E+00
9.05263332E+08; -7.37798579E+01;  0.00000000E+00
9.05327764E+08; -7.36211333E+01;  0.00000000E+00
9.05392196E+08; -7.41000700E+01;  0.00000000E+00
9.05456628E+08; -7.37728641E+01;  0.00000000E+00
9.05521061E+08; -7.47236746E+01;  0.00000000E+00
9.05585493E+08; -7.28495427E+01;  0.00000000E+00
9.05649925E+08; -7.35904171E+01;  0.00000000E+00
9.05714357E+08; -7.31679809E+01;  0.00000000E+00
9.05778789E+08; -7.23905625E+01;  0.00000000E+00
9.05843222E+08; -7.47121869E+01;  0.00000000E+00
9.05907654E+08; -7.42426883E+01;  0.00000000E+00
9.05972086E+08; -7.24452405E+01;  0.00000000E+00
9.06036518E+08; -7.47215924E+01;  0.00000000E+00
9.06100951E+08; -7.34412819E+01;  0.00000000E+00
9.06165383E+08; -7.40264991E+01;  0.00000000E+00
9.06229815E+08; -7.43050058E+01;  0.00000000E+00
9.06294247E+08; -7.27411645E+01;  0.00000000E+00
9.06358679E+08; -7.31760104E+01;  0.00000000E+00
9.06423112E+08; -7.24504847E+01;  0.00000000E+00
9.06487544E+08; -7.39639734E+01;  0.00000000E+00
9.06551976E+08; -7.28865725E+01;  0.00000000E+00
9.06616408E+08; -7.33201744E+01;  0.00000000E+00
9.06680840E+08; -7.43864465E+01;  0.00000000E+00
9.06745273E+08; -7.36702190E+01;  0.00000000E+00
9.06809705E+08; -7.40870826E+01;  0.00000000E+00
9.06874137E+08; -7.41073623E+01;  0.00000000E+00
9.06938569E+08; -7.33309656E+01;  0.00000000E+00
9.07003002E+08; -7.34808621E+01;  0.00000000E+00
9.07067434E+08; -7.38349413E+01;  0.00000000E+00
9.07131866E+08; -7.27835098E+01;  0.00000000E+00
9.07196298E+08; -7.47326899E+01;  0.00000000E+00
9.07260730E+08; -7.49898530E+01;  0.00000000E+00
9.07325163E+08; -7.38362449E+01;  0.00000000E+00
9.07389595E+08; -7.39475942E+01;  0.00000000E+00
9.07454027E+08; -7.41428649E+01;  0.00000000E+00
9.07518459E+08; -7.46246631E+01;  0.00000000E+00
9.07582891E+08; -7.41228706E+01;  0.00000000E+00
9.07647324E+08; -7.19782014E+01;  0.00000000E+00
9.07711756E+08; -7.32732750E+01;  0.00000000E+00
9.07776188E+08; -7.35475302E+01;  0.00000000E+00
9.07840620E+08; -7.21781646E+01;  0.00000000E+00
9.07905053E+08; -7.42198155E+01;  0.00000000E+00
9.07969485E+08; -7.40118444E+01;  0.00000000E+00
9.08033917E+08; -7.36747284E+01;  0.00000000E+00
9.08098349E+08; -7.21180653E+01;  0.00000000E+00
9.08162781E+08; -7.34897311E+01;  0.00000000E+00
9.08227214E+08; -7.34315842E+01;  0.00000000E+00
9.08291646E+08; -7.35925709E+01;  0.00000000E+00
9.08356078E+08; -7.34373863E+01;  0.00000000E+00
9.08420510E+08; -7.26970594E+01;  0.00000000E+00
9.08484943E+08; -7.34847478E+01;  0.00000000E+00
9.08549375E+08; -7.34220269E+01;  0.00000000E+00
9.08613807E+08; -7.31861062E+01;  0.00000000E+00
9.08678239E+08; -7.31989507E+01;  0.00000000E+00
9.08742671E+08; -7.28765717E+01;  0.00000000E+00
9.08807104E+08; -7.34289483E+01;  0.00000000E+00
9.08871536E+08; -7.27601967E+01;  0.00000000E+00
9.08935968E+08; -7.41626771E+01;  0.00000000E+00
9.09000400E+08; -7.42096555E+01;  0.00000000E+00
9.09064832E+08; -7.31460296E+01;  0.00000000E+00
9.09129265E+08; -7.27924240E+01;  0.00000000E+00
9.09193697E+08; -7.47296810E+01;  0.00000000E+00
9.09258129E+08; -7.40836784E+01;  0.00000000E+00
9.09322561E+08; -7.44502562E+01;  0.00000000E+00
9.09386994E+08; -7.41703746E+01;  0.00000000E+00
9.09451426E+08; -7.35547791E+01;  0.00000000E+00
9.09515858E+08; -7.23883042E+01;  0.00000000E+00
9.09580290E+08; -7.29722023E+01;  0.00000000E+00
9.09644722E+08; -7.29450528E+01;  0.00000000E+00
9.09709155E+08; -7.29326613E+01;  0.00000000E+00
9.09773587E+08; -7.25613082E+01;  0.00000000E+00
9.09838019E+08; -7.24267572E+01;  0.00000000E+00
9.09902451E+08; -7.31147749E+01;  0.00000000E+00
9.09966883E+08; -7.33066580E+01;  0.00000000E+00
9.10031316E+08; -7.43793467E+01;  0.00000000E+00
9.10095748E+08; -7.44495915E+01;  0.00000000E+00
9.10160180E+08; -7.16222133E+01;  0.00000000E+00
9.10224612E+08; -7.38271133E+01;  0.00000000E+00
9.10289045E+08; -7.25522912E+01;  0.00000000E+00
9.10353477E+08; -7.30895671E+01;  0.00000000E+00
9.10417909E+08; -7.41864924E+01;  0.00000000E+00
9.10482341E+08; -7.23528744E+01;  0.00000000E+00
9.10546773E+08; -7.29548282E+01;  0.00000000E+00
9.10611206E+08; -7.23328733E+01;  0.00000000E+00
9.10675638E+08; -7.36102461E+01;  0.00000000E+00
9.10740070E+08; -7.35209154E+01;  0.00000000E+00
9.10804502E+08; -7.32389613E+01;  0.00000000E+00
9.10868935E+08; -7.35270848E+01;  0.00000000E+00
9.10933367E+08; -7.24567693E+01;  0.00000000E+00
9.10997799E+08; -7.42888584E+01;  0.00000000E+00
9.11062231E+08; -7.37062293E+01;  0.00000000E+00
9.11126663E+08; -7.22249515E+01;  0.00000000E+00
9.11191096E+08; -7.36183395E+01;  0.00000000E+00
9.11255528E+08; -7.43597700E+01;  0.00000000E+00
9.11319960E+08; -7.18780251E+01;  0.00000000E+00
9.11384392E+08; -7.23476693E+01;  0.00000000E+00
9.11448824E+08; -7.23662107E+01;  0.00000000E+00
9.11513257E+08; -7.33002256E+01;  0.00000000E+00
9.11577689E+08; -7.41094903E+01;  0.00000000E+00
9.11642121E+08; -7.49417571E+01;  0.00000000E+00
9.11706553E+08; -7.23056417E+01;  0.00000000E+00
9.11770986E+08; -7.27871291E+01;  0.00000000E+00
9.11835418E+08; -7.29289432E+01;  0.00000000E+00
9.11899850E+08; -7.31026895E+01;  0.00000000E+00
9.11964282E+08; -7.44617517E+01;  0.00000000E+00
9.12028714E+08; -7.42812872E+01;  0.00000000E+00
9.12093147E+08; -7.27938804E+01;  0.00000000E+00
9.12157579E+08; -7.34699475E+01;  0.00000000E+00
9.12222011E+08; -7.36239900E+01;  0.00000000E+00
9.12286443E+08; -7.34354033E+01;  0.00000000E+00
9.12350875E+08; -7.26556085E+01;  0.00000000E+00
9.12415308E+08; -7.24712471E+01;  0.00000000E+00
9.12479740E+08; -7.23263140E+01;  0.00000000E+00
9.12544172E+08; -7.34166704E+01;  0.00000000E+00
9.12608604E+08; -7.21973310E+01;  0.00000000E+00
9.12673037E+08; -7.29778556E+01;  0.00000000E+00
9.12737469E+08; -7.22077777E+01;  0.00000000E+00
9.12801901E+08; -7.34534931E+01;  0.00000000E+00
9.12866333E+08; -7.28284442E+01;  0.00000000E+00
9.12930765E+08; -7.39096923E+01;  0.00000000E+00
9.12995198E+08; -7.33189978E+01;  0.00000000E+00
9.13059630E+08; -7.12043455E+01;  0.00000000E+00
9.13124062E+08; -7.24326600E+01;  0.00000000E+00
9.13188494E+08; -7.29807107E+01;  0.00000000E+00
9.13252927E+08; -7.21017856E+01;  0.00000000E+00
9.13317359E+08; -7.28513109E+01;  0.00000000E+00
9.13381791E+08; -7.24233441E+01;  0.00000000E+00
9.13446223E+08; -7.31726068E+01;  0.00000000E+00
9.13510655E+08; -7.27731059E+01;  0.00000000E+00
9.13575088E+08; -7.27649145E+01;  0.00000000E+00
9.13639520E+08; -7.26582024E+01;  0.00000000E+00
9.13703952E+08; -7.23688795E+01;  0.00000000E+00
9.13768384E+08; -7.33006507E+01;  0.00000000E+00
9.13832816E+08; -7.28977455E+01;  0.00000000E+00
9.13897249E+08; -7.36708231E+01;  0.00000000E+00
9.13961681E+08; -7.49748206E+01;  0.00000000E+00
9.14026113E+08; -7.19861651E+01;  0.00000000E+00
9.14090545E+08; -7.21772338E+01;  0.00000000E+00
9.14154978E+08; -7.22186368E+01;  0.00000000E+00
9.14219410E+08; -7.31568270E+01;  0.00000000E+00
9.14283842E+08; -7.32666075E+01;  0.00000000E+00
9.14348274E+08; -7.42192254E+01;  0.00000000E+00
9.14412706E+08; -7.37925129E+01;  0.00000000E+00
9.14477139E+08; -7.18452757E+01;  0.00000000E+00
9.14541571E+08; -7.22579664E+01;  0.00000000E+00
9.14606003E+08; -7.28914844E+01;  0.00000000E+00
9.14670435E+08; -7.29145435E+01;  0.00000000E+00
9.14734867E+08; -7.35258625E+01;  0.00000000E+00
9.14799300E+08; -7.35208968E+01;  0.00000000E+00
9.14863732E+08; -7.25417603E+01;  0.00000000E+00
9.14928164E+08; -7.25591220E+01;  0.00000000E+00
9.14992596E+08; -7.23471755E+01;  0.00000000E+00
9.15057029E+08; -7.27948559E+01;  0.00000000E+00
9.15121461E+08; -7.14383453E+01;  0.00000000E+00
9.15185893E+08; -7.18951561E+01;  0.00000000E+00
9.15250325E+08; -7.36151951E+01;  0.00000000E+00
9.15314757E+08; -7.21688388E+01;  0.00000000E+00
9.15379190E+08; -7.32261252E+01;  0.00000000E+00
9.15443622E+08; -7.31903377E+01;  0.00000000E+00
9.15508054E+08; -7.31695778E+01;  0.00000000E+00
9.15572486E+08; -7.35203297E+01;  0.00000000E+00
9.15636919E+08; -7.29530940E+01;  0.00000000E+00
9.15701351E+08; -7.24062914E+01;  0.00000000E+00
9.15765783E+08; -7.27750425E+01;  0.00000000E+00
9.15830215E+08; -7.28522567E+01;  0.00000000E+00
9.15894647E+08; -7.23606782E+01;  0.00000000E+00
9.15959080E+08; -7.17292042E+01;  0.00000000E+00
9.16023512E+08; -7.27366167E+01;  0.00000000E+00
9.16087944E+08; -7.17815013E+01;  0.00000000E+00
9.16152376E+08; -7.33996946E+01;  0.00000000E+00
9.16216808E+08; -7.30329532E+01;  0.00000000E+00
9.16281241E+08; -7.32833051E+01;  0.00000000E+00
9.16345673E+08; -7.24439187E+01;  0.00000000E+00
9.16410105E+08; -7.28234070E+01;  0.00000000E+00
9.16474537E+08; -7.14066261E+01;  0.00000000E+00
9.16538970E+08; -7.08842418E+01;  0.00000000E+00
9.16603402E+08; -7.18630842E+01;  0.00000000E+00
9.16667834E+08; -7.30521542E+01;  0.00000000E+00
9.16732266E+08; -7.26527727E+01;  0.00000000E+00
9.16796698E+08; -7.20587827E+01;  0.00000000E+00
9.16861131E+08; -7.23462790E+01;  0.00000000E+00
9.16925563E+08; -7.15179483E+01;  0.00000000E+00
9.16989995E+08; -7.21635995E+01;  0.00000000E+00
9.17054427E+08; -7.22284702E+01;  0.00000000E+00
9.17118859E+08; -7.23491137E+01;  0.00000000E+00
9.17183292E+08; -7.29844889E+01;  0.00000000E+00
9.17247724E+08; -7.40690260E+01;  0.00000000E+00
9.17312156E+08; -7.29712593E+01;  0.00000000E+00
9.17376588E+08; -7.20788056E+01;  0.00000000E+00
9.17441021E+08; -7.28470236E+01;  0.00000000E+00
9.17505453E+08; -7.24213730E+01;  0.00000000E+00
9.17569885E+08; -7.14224486E+01;  0.00000000E+00
9.17634317E+08; -7.21302581E+01;  0.00000000E+00
9.17698749E+08; -7.18749157E+01;  0.00000000E+00
9.17763182E+08; -7.22284083E+01;  0.00000000E+00
9.17827614E+08; -7.15757233E+01;  0.00000000E+00
9.17892046E+08; -7.20178918E+01;  0.00000000E+00
9.17956478E+08; -7.17659164E+01;  0.00000000E+00
9.18020911E+08; -7.21541594E+01;  0.00000000E+00
9.18085343E+08; -7.16409981E+01;  0.00000000E+00
9.18149775E+08; -7.13635758E+01;  0.00000000E+00
9.18214207E+08; -7.14976869E+01;  0.00000000E+00
9.18278639E+08; -7.19615563E+01;  0.00000000E+00
9.18343072E+08; -7.25225492E+01;  0.00000000E+00
9.18407504E+08; -7.29921853E+01;  0.00000000E+00
9.18471936E+08; -7.32735260E+01;  0.00000000E+00
9.18536368E+08; -7.18265707E+01;  0.00000000E+00
9.18600800E+08; -7.24891418E+01;  0.00000000E+00
9.18665233E+08; -7.30016636E+01;  0.00000000E+00
9.18729665E+08; -7.25960133E+01;  0.00000000E+00
9.18794097E+08; -7.24437424E+01;  0.00000000E+00
9.18858529E+08; -7.26057017E+01;  0.00000000E+00
9.18922962E+08; -7.25327172E+01;  0.00000000E+00
9.18987394E+08; -7.26170577E+01;  0.00000000E+00
9.19051826E+08; -7.17592691E+01;  0.00000000E+00
9.19116258E+08; -7.19325124E+01;  0.00000000E+00
9.19180690E+08; -7.14784648E+01;  0.00000000E+00
9.19245123E+08; -7.15206980E+01;  0.00000000E+00
9.19309555E+08; -7.19922253E+01;  0.00000000E+00
9.19373987E+08; -7.25576308E+01;  0.00000000E+00
9.19438419E+08; -7.20711255E+01;  0.00000000E+00
9.19502851E+08; -7.19388523E+01;  0.00000000E+00
9.19567284E+08; -7.23807035E+01;  0.00000000E+00
9.19631716E+08; -7.16453112E+01;  0.00000000E+00
9.19696148E+08; -7.15811528E+01;  0.00000000E+00
9.19760580E+08; -7.18792665E+01;  0.00000000E+00
9.19825013E+08; -7.18633481E+01;  0.00000000E+00
9.19889445E+08; -7.12316444E+01;  0.00000000E+00
9.19953877E+08; -7.12585273E+01;  0.00000000E+00
9.20018309E+08; -7.20679845E+01;  0.00000000E+00
9.20082741E+08; -7.13605594E+01;  0.00000000E+00
9.20147174E+08; -7.23831371E+01;  0.00000000E+00
9.20211606E+08; -7.21398701E+01;  0.00000000E+00
9.20276038E+08; -7.22581280E+01;  0.00000000E+00
9.20340470E+08; -7.16440261E+01;  0.00000000E+00
9.20404903E+08; -7.25381129E+01;  0.00000000E+00
9.20469335E+08; -7.15865366E+01;  0.00000000E+00
9.20533767E+08; -7.19017922E+01;  0.00000000E+00
9.20598199E+08; -7.15687424E+01;  0.00000000E+00
9.20662631E+08; -7.11774951E+01;  0.00000000E+00
9.20727064E+08; -7.11297913E+01;  0.00000000E+00
9.20791496E+08; -7.07550703E+01;  0.00000000E+00
9.20855928E+08; -7.12655130E+01;  0.00000000E+00
9.20920360E+08; -7.17187735E+01;  0.00000000E+00
9.20984792E+08; -7.12611521E+01;  0.00000000E+00
9.21049225E+08; -7.08836213E+01;  0.00000000E+00
9.21113657E+08; -7.19044962E+01;  0.00000000E+00
9.21178089E+08; -7.25491042E+01;  0.00000000E+00
9.21242521E+08; -7.20542282E+01;  0.00000000E+00
9.21306954E+08; -7.09989577E+01;  0.00000000E+00
9.21371386E+08; -7.12561820E+01;  0.00000000E+00
9.21435818E+08; -7.13815629E+01;  0.00000000E+00
9.21500250E+08; -7.13064080E+01;  0.00000000E+00
9.21564682E+08; -7.17449678E+01;  0.00000000E+00
9.21629115E+08; -7.20395562E+01;  0.00000000E+00
9.21693547E+08; -7.15292695E+01;  0.00000000E+00
9.21757979E+08; -7.12494275E+01;  0.00000000E+00
9.21822411E+08; -7.08481180E+01;  0.00000000E+00
9.21886843E+08; -7.20467384E+01;  0.00000000E+00
9.21951276E+08; -7.14930345E+01;  0.00000000E+00
9.22015708E+08; -7.19644819E+01;  0.00000000E+00
9.22080140E+08; -7.16194836E+01;  0.00000000E+00
9.22144572E+08; -7.22101880E+01;  0.00000000E+00
9.22209005E+08; -7.19537514E+01;  0.00000000E+00
9.22273437E+08; -7.00715958E+01;  0.00000000E+00
9.22337869E+08; -7.26369633E+01;  0.00000000E+00
9.22402301E+08; -7.20834996E+01;  0.00000000E+00
9.22466733E+08; -7.17557445E+01;  0.00000000E+00
9.22531166E+08; -7.30620524E+01;  0.00000000E+00
9.22595598E+08; -7.10052016E+01;  0.00000000E+00
9.22660030E+08; -7.14329355E+01;  0.00000000E+00
9.22724462E+08; -7.08701978E+01;  0.00000000E+00
9.22788894E+08; -7.16997028E+01;  0.00000000E+00
9.22853327E+08; -7.07177691E+01;  0.00000000E+00
9.22917759E+08; -7.06207650E+01;  0.00000000E+00
9.22982191E+08; -7.04897836E+01;  0.00000000E+00
9.23046623E+08; -7.07562876E+01;  0.00000000E+00
9.23111056E+08; -7.14745696E+01;  0.00000000E+00
9.23175488E+08; -7.08810119E+01;  0.00000000E+00
9.23239920E+08; -7.19297978E+01;  0.00000000E+00
9.23304352E+08; -7.08459797E+01;  0.00000000E+00
9.23368784E+08; -7.11569707E+01;  0.00000000E+00
9.23433217E+08; -7.10352763E+01;  0.00000000E+00
9.23497649E+08; -7.15265245E+01;  0.00000000E+00
9.23562081E+08; -7.26623208E+01;  0.00000000E+00
9.23626513E+08; -7.11341026E+01;  0.00000000E+00
9.23690946E+08; -7.11409134E+01;  0.00000000E+00
9.23755378E+08; -7.19586106E+01;  0.00000000E+00
9.23819810E+08; -7.12963491E+01;  0.00000000E+00
9.23884242E+08; -7.02488509E+01;  0.00000000E+00
9.23948674E+08; -7.19767531E+01;  0.00000000E+00
9.24013107E+08; -7.18933717E+01;  0.00000000E+00
9.24077539E+08; -7.17710285E+01;  0.00000000E+00
9.24141971E+08; -7.12830743E+01;  0.00000000E+00
9.24206403E+08; -7.10456547E+01;  0.00000000E+00
9.24270835E+08; -7.15679970E+01;  0.00000000E+00
9.24335268E+08; -7.00252413E+01;  0.00000000E+00
9.24399700E+08; -7.11881270E+01;  0.00000000E+00
9.24464132E+08; -7.02224097E+01;  0.00000000E+00
9.24528564E+08; -6.99800600E+01;  0.00000000E+00
9.24592997E+08; -7.15011158E+01;  0.00000000E+00
9.24657429E+08; -7.12357064E+01;  0.00000000E+00
9.24721861E+08; -7.08395847E+01;  0.00000000E+00
9.24786293E+08; -7.06084700E+01;  0.00000000E+00
9.24850725E+08; -7.05146320E+01;  0.00000000E+00
9.24915158E+08; -7.06469900E+01;  0.00000000E+00
9.24979590E+08; -7.10191512E+01;  0.00000000E+00
9.25044022E+08; -6.97511228E+01;  0.00000000E+00
9.25108454E+08; -7.10598374E+01;  0.00000000E+00
9.25172886E+08; -7.14432995E+01;  0.00000000E+00
9.25237319E+08; -7.14757752E+01;  0.00000000E+00
9.25301751E+08; -7.10664659E+01;  0.00000000E+00
9.25366183E+08; -7.09427506E+01;  0.00000000E+00
9.25430615E+08; -7.02820036E+01;  0.00000000E+00
9.25495048E+08; -6.96394388E+01;  0.00000000E+00
9.25559480E+08; -7.16629881E+01;  0.00000000E+00
9.25623912E+08; -7.07176412E+01;  0.00000000E+00
9.25688344E+08; -7.02375115E+01;  0.00000000E+00
9.25752776E+08; -7.08622262E+01;  0.00000000E+00
9.25817209E+08; -7.08158424E+01;  0.00000000E+00
9.25881641E+08; -7.08640839E+01;  0.00000000E+00
9.25946073E+08; -7.03858609E+01;  0.00000000E+00
9.26010505E+08; -7.09701104E+01;  0.00000000E+00
9.26074938E+08; -7.15566412E+01;  0.00000000E+00
9.26139370E+08; -7.07363903E+01;  0.00000000E+00
9.26203802E+08; -7.08646280E+01;  0.00000000E+00
9.26268234E+08; -7.05301999E+01;  0.00000000E+00
9.26332666E+08; -7.04542642E+01;  0.00000000E+00
9.26397099E+08; -7.01321740E+01;  0.00000000E+00
9.26461531E+08; -7.03353599E+01;  0.00000000E+00
9.26525963E+08; -7.08574555E+01;  0.00000000E+00
9.26590395E+08; -7.07748149E+01;  0.00000000E+00
9.26654827E+08; -7.02413484E+01;  0.00000000E+00
9.26719260E+08; -7.01269968E+01;  0.00000000E+00
9.26783692E+08; -6.96995508E+01;  0.00000000E+00
9.26848124E+08; -6.99577496E+01;  0.00000000E+00
9.26912556E+08; -7.08507871E+01;  0.00000000E+00
9.26976989E+08; -7.13933156E+01;  0.00000000E+00
9.27041421E+08; -6.86421975E+01;  0.00000000E+00
9.27105853E+08; -6.70796899E+01;  0.00000000E+00
9.27170285E+08; -7.36391558E+01;  0.00000000E+00
9.27234717E+08; -6.99616225E+01;  0.00000000E+00
9.27299150E+08; -7.00003061E+01;  0.00000000E+00
9.27363582E+08; -7.08799741E+01;  0.00000000E+00
9.27428014E+08; -7.07730681E+01;  0.00000000E+00
9.27492446E+08; -7.02103576E+01;  0.00000000E+00
9.27556878E+08; -7.07796246E+01;  0.00000000E+00
9.27621311E+08; -7.08488090E+01;  0.00000000E+00
9.27685743E+08; -7.00665058E+01;  0.00000000E+00
9.27750175E+08; -7.05285767E+01;  0.00000000E+00
9.27814607E+08; -7.02889595E+01;  0.00000000E+00
9.27879040E+08; -6.98753217E+01;  0.00000000E+00
9.27943472E+08; -6.99560961E+01;  0.00000000E+00
9.28007904E+08; -7.02270069E+01;  0.00000000E+00
9.28072336E+08; -7.05668382E+01;  0.00000000E+00
9.28136768E+08; -7.08523182E+01;  0.00000000E+00
9.28201201E+08; -7.05174721E+01;  0.00000000E+00
9.28265633E+08; -6.97695580E+01;  0.00000000E+00
9.28330065E+08; -6.98676383E+01;  0.00000000E+00
9.28394497E+08; -7.04748077E+01;  0.00000000E+00
9.28458930E+08; -6.96678928E+01;  0.00000000E+00
9.28523362E+08; -6.97923067E+01;  0.00000000E+00
9.28587794E+08; -7.03112132E+01;  0.00000000E+00
9.28652226E+08; -7.04030309E+01;  0.00000000E+00
9.28716658E+08; -7.01677371E+01;  0.00000000E+00
9.28781091E+08; -6.98507763E+01;  0.00000000E+00
9.28845523E+08; -7.09727262E+01;  0.00000000E+00
9.28909955E+08; -6.98518075E+01;  0.00000000E+00
9.28974387E+08; -6.97326813E+01;  0.00000000E+00
9.29038819E+08; -7.09118362E+01;  0.00000000E+00
9.29103252E+08; -7.02220592E+01;  0.00000000E+00
9.29167684E+08; -6.98425091E+01;  0.00000000E+00
9.29232116E+08; -6.94670380E+01;  0.00000000E+00
9.29296548E+08; -6.99467741E+01;  0.00000000E+00
9.29360981E+08; -6.91821130E+01;  0.00000000E+00
9.29425413E+08; -7.04707945E+01;  0.00000000E+00
9.29489845E+08; -7.09972216E+01;  0.00000000E+00
9.29554277E+08; -7.02750965E+01;  0.00000000E+00
9.29618709E+08; -7.04457808E+01;  0.00000000E+00
9.29683142E+08; -7.06365339E+01;  0.00000000E+00
9.29747574E+08; -7.02685186E+01;  0.00000000E+00
9.29812006E+08; -6.98513046E+01;  0.00000000E+00
9.29876438E+08; -6.99864763E+01;  0.00000000E+00
9.29940870E+08; -6.99538945E+01;  0.00000000E+00
9.30005303E+08; -6.98837743E+01;  0.00000000E+00
9.30069735E+08; -6.99314984E+01;  0.00000000E+00
9.30134167E+08; -7.01913441E+01;  0.00000000E+00
9.30198599E+08; -7.00708148E+01;  0.00000000E+00
9.30263032E+08; -6.97276331E+01;  0.00000000E+00
9.30327464E+08; -6.98457291E+01;  0.00000000E+00
9.30391896E+08; -6.96944975E+01;  0.00000000E+00
9.30456328E+08; -6.89111456E+01;  0.00000000E+00
9.30520760E+08; -6.99976785E+01;  0.00000000E+00
9.30585193E+08; -6.91015670E+01;  0.00000000E+00
9.30649625E+08; -6.94466985E+01;  0.00000000E+00
9.30714057E+08; -6.98813961E+01;  0.00000000E+00
9.30778489E+08; -6.95800461E+01;  0.00000000E+00
9.30842922E+08; -6.98516279E+01;  0.00000000E+00
9.30907354E+08; -6.92485925E+01;  0.00000000E+00
9.30971786E+08; -6.89672609E+01;  0.00000000E+00
9.31036218E+08; -6.97251149E+01;  0.00000000E+00
9.31100650E+08; -6.98824774E+01;  0.00000000E+00
9.31165083E+08; -6.95390313E+01;  0.00000000E+00
9.31229515E+08; -6.92620199E+01;  0.00000000E+00
9.31293947E+08; -6.95814881E+01;  0.00000000E+00
9.31358379E+08; -7.00060511E+01;  0.00000000E+00
9.31422811E+08; -6.91071346E+01;  0.00000000E+00
9.31487244E+08; -6.91547207E+01;  0.00000000E+00
9.31551676E+08; -6.96044771E+01;  0.00000000E+00
9.31616108E+08; -6.99481291E+01;  0.00000000E+00
9.31680540E+08; -6.94478978E+01;  0.00000000E+00
9.31744973E+08; -7.00116439E+01;  0.00000000E+00
9.31809405E+08; -6.94291659E+01;  0.00000000E+00
9.31873837E+08; -6.90125370E+01;  0.00000000E+00
9.31938269E+08; -6.93166259E+01;  0.00000000E+00
9.32002701E+08; -6.99653285E+01;  0.00000000E+00
9.32067134E+08; -7.02181950E+01;  0.00000000E+00
9.32131566E+08; -6.87410827E+01;  0.00000000E+00
9.32195998E+08; -6.87300155E+01;  0.00000000E+00
9.32260430E+08; -6.91597479E+01;  0.00000000E+00
9.32324862E+08; -6.89680339E+01;  0.00000000E+00
9.32389295E+08; -7.04515920E+01;  0.00000000E+00
9.32453727E+08; -6.94118731E+01;  0.00000000E+00
9.32518159E+08; -6.93330764E+01;  0.00000000E+00
9.32582591E+08; -6.83450926E+01;  0.00000000E+00
9.32647024E+08; -7.08843054E+01;  0.00000000E+00
9.32711456E+08; -6.92996106E+01;  0.00000000E+00
9.32775888E+08; -6.83994119E+01;  0.00000000E+00
9.32840320E+08; -6.89368795E+01;  0.00000000E+00
9.32904752E+08; -6.87742111E+01;  0.00000000E+00
9.32969185E+08; -6.93236703E+01;  0.00000000E+00
9.33033617E+08; -6.91385763E+01;  0.00000000E+00
9.33098049E+08; -6.94525346E+01;  0.00000000E+00
9.33162481E+08; -6.93433504E+01;  0.00000000E+00
9.33226914E+08; -6.84095968E+01;  0.00000000E+00
9.33291346E+08; -6.90319916E+01;  0.00000000E+00
9.33355778E+08; -6.90822892E+01;  0.00000000E+00
9.33420210E+08; -6.92564681E+01;  0.00000000E+00
9.33484642E+08; -6.93339254E+01;  0.00000000E+00
9.33549075E+08; -6.86476150E+01;  0.00000000E+00
9.33613507E+08; -6.88251737E+01;  0.00000000E+00
9.33677939E+08; -6.87422018E+01;  0.00000000E+00
9.33742371E+08; -6.85496349E+01;  0.00000000E+00
9.33806803E+08; -6.94764984E+01;  0.00000000E+00
9.33871236E+08; -6.88420313E+01;  0.00000000E+00
9.33935668E+08; -6.91567886E+01;  0.00000000E+00
9.34000100E+08; -6.88162793E+01;  0.00000000E+00
9.34064532E+08; -6.85777765E+01;  0.00000000E+00
9.34128965E+08; -6.90616326E+01;  0.00000000E+00
9.34193397E+08; -6.88532693E+01;  0.00000000E+00
9.34257829E+08; -6.92469047E+01;  0.00000000E+00
9.34322261E+08; -6.92846396E+01;  0.00000000E+00
9.34386693E+08; -6.93074571E+01;  0.00000000E+00
9.34451126E+08; -6.86362007E+01;  0.00000000E+00
9.34515558E+08; -6.83976624E+01;  0.00000000E+00
9.34579990E+08; -6.90047141E+01;  0.00000000E+00
9.34644422E+08; -6.91084370E+01;  0.00000000E+00
9.34708854E+08; -6.88983934E+01;  0.00000000E+00
9.34773287E+08; -6.85217079E+01;  0.00000000E+00
9.34837719E+08; -6.86874951E+01;  0.00000000E+00
9.34902151E+08; -6.84035323E+01;  0.00000000E+00
9.34966583E+08; -6.78978438E+01;  0.00000000E+00
9.35031016E+08; -6.80351105E+01;  0.00000000E+00
9.35095448E+08; -6.95762124E+01;  0.00000000E+00
9.35159880E+08; -6.81862880E+01;  0.00000000E+00
9.35224312E+08; -6.82857168E+01;  0.00000000E+00
9.35288744E+08; -6.90749557E+01;  0.00000000E+00
9.35353177E+08; -6.89751423E+01;  0.00000000E+00
9.35417609E+08; -6.85994598E+01;  0.00000000E+00
9.35482041E+08; -6.83915271E+01;  0.00000000E+00
9.35546473E+08; -6.85547642E+01;  0.00000000E+00
9.35610906E+08; -6.91958665E+01;  0.00000000E+00
9.35675338E+08; -6.75182245E+01;  0.00000000E+00
9.35739770E+08; -6.74052321E+01;  0.00000000E+00
9.35804202E+08; -6.74901713E+01;  0.00000000E+00
9.35868634E+08; -6.87720999E+01;  0.00000000E+00
9.35933067E+08; -6.83230147E+01;  0.00000000E+00
9.35997499E+08; -6.85472432E+01;  0.00000000E+00
9.36061931E+08; -6.87265542E+01;  0.00000000E+00
9.36126363E+08; -6.82752828E+01;  0.00000000E+00
9.36190795E+08; -6.77690965E+01;  0.00000000E+00
9.36255228E+08; -6.74094903E+01;  0.00000000E+00
9.36319660E+08; -6.78689186E+01;  0.00000000E+00
9.36384092E+08; -6.85384847E+01;  0.00000000E+00
9.36448524E+08; -6.86375227E+01;  0.00000000E+00
9.36512957E+08; -6.81534600E+01;  0.00000000E+00
9.36577389E+08; -6.87818296E+01;  0.00000000E+00
9.36641821E+08; -6.79300763E+01;  0.00000000E+00
9.36706253E+08; -6.80796831E+01;  0.00000000E+00
9.36770685E+08; -6.79768339E+01;  0.00000000E+00
9.36835118E+08; -6.74634362E+01;  0.00000000E+00
9.36899550E+08; -6.77193145E+01;  0.00000000E+00
9.36963982E+08; -6.75394483E+01;  0.00000000E+00
9.37028414E+08; -6.79147505E+01;  0.00000000E+00
9.37092846E+08; -6.83249784E+01;  0.00000000E+00
9.37157279E+08; -6.74811086E+01;  0.00000000E+00
9.37221711E+08; -6.91674863E+01;  0.00000000E+00
9.37286143E+08; -6.74815952E+01;  0.00000000E+00
9.37350575E+08; -6.79952391E+01;  0.00000000E+00
9.37415008E+08; -6.77707100E+01;  0.00000000E+00
9.37479440E+08; -6.78964541E+01;  0.00000000E+00
9.37543872E+08; -6.86697774E+01;  0.00000000E+00
9.37608304E+08; -6.76296368E+01;  0.00000000E+00
9.37672736E+08; -6.75859585E+01;  0.00000000E+00
9.37737169E+08; -6.68464712E+01;  0.00000000E+00
9.37801601E+08; -6.83614137E+01;  0.00000000E+00
9.37866033E+08; -6.78252038E+01;  0.00000000E+00
9.37930465E+08; -6.69645130E+01;  0.00000000E+00
9.37994897E+08; -6.81106603E+01;  0.00000000E+00
9.38059330E+08; -6.73822061E+01;  0.00000000E+00
9.38123762E+08; -6.72705599E+01;  0.00000000E+00
9.38188194E+08; -6.75668126E+01;  0.00000000E+00
9.38252626E+08; -6.78153832E+01;  0.00000000E+00
9.38317059E+08; -6.79807309E+01;  0.00000000E+00
9.38381491E+08; -6.73619380E+01;  0.00000000E+00
9.38445923E+08; -6.78179995E+01;  0.00000000E+00
9.38510355E+08; -6.80362420E+01;  0.00000000E+00
9.38574787E+08; -6.75316662E+01;  0.00000000E+00
9.38639220E+08; -6.72229383E+01;  0.00000000E+00
9.38703652E+08; -6.78880056E+01;  0.00000000E+00
9.38768084E+08; -6.71222537E+01;  0.00000000E+00
9.38832516E+08; -6.76733038E+01;  0.00000000E+00
9.38896949E+08; -6.83158223E+01;  0.00000000E+00
9.38961381E+08; -6.72396182E+01;  0.00000000E+00
9.39025813E+08; -6.71944934E+01;  0.00000000E+00
9.39090245E+08; -6.72645881E+01;  0.00000000E+00
9.39154677E+08; -6.76198331E+01;  0.00000000E+00
9.39219110E+08; -6.66964744E+01;  0.00000000E+00
9.39283542E+08; -6.72888034E+01;  0.00000000E+00
9.39347974E+08; -6.71366043E+01;  0.00000000E+00
9.39412406E+08; -6.77232689E+01;  0.00000000E+00
9.39476838E+08; -6.70618200E+01;  0.00000000E+00
9.39541271E+08; -6.68070959E+01;  0.00000000E+00
9.39605703E+08; -6.71612797E+01;  0.00000000E+00
9.39670135E+08; -6.71301720E+01;  0.00000000E+00
9.39734567E+08; -6.67975406E+01;  0.00000000E+00
9.39799000E+08; -6.69588250E+01;  0.00000000E+00
9.39863432E+08; -6.72806321E+01;  0.00000000E+00
9.39927864E+08; -6.75234789E+01;  0.00000000E+00
9.39992296E+08; -6.71740983E+01;  0.00000000E+00
9.40056728E+08; -6.71007062E+01;  0.00000000E+00
9.40121161E+08; -6.61944650E+01;  0.00000000E+00
9.40185593E+08; -6.67919979E+01;  0.00000000E+00
9.40250025E+08; -6.68615399E+01;  0.00000000E+00
9.40314457E+08; -6.66812984E+01;  0.00000000E+00
9.40378889E+08; -6.77453204E+01;  0.00000000E+00
9.40443322E+08; -6.68792758E+01;  0.00000000E+00
9.40507754E+08; -6.70658339E+01;  0.00000000E+00
9.40572186E+08; -6.64681305E+01;  0.00000000E+00
9.40636618E+08; -6.71091638E+01;  0.00000000E+00
9.40701051E+08; -6.66641513E+01;  0.00000000E+00
9.40765483E+08; -6.73706107E+01;  0.00000000E+00
9.40829915E+08; -6.65317410E+01;  0.00000000E+00
9.40894347E+08; -6.62000284E+01;  0.00000000E+00
9.40958779E+08; -6.63535521E+01;  0.00000000E+00
9.41023212E+08; -6.61209333E+01;  0.00000000E+00
9.41087644E+08; -6.67212040E+01;  0.00000000E+00
9.41152076E+08; -6.68504205E+01;  0.00000000E+00
9.41216508E+08; -6.69754210E+01;  0.00000000E+00
9.41280941E+08; -6.64383444E+01;  0.00000000E+00
9.41345373E+08; -6.68922238E+01;  0.00000000E+00
9.41409805E+08; -6.68766596E+01;  0.00000000E+00
9.41474237E+08; -6.64932605E+01;  0.00000000E+00
9.41538669E+08; -6.66307651E+01;  0.00000000E+00
9.41603102E+08; -6.61866839E+01;  0.00000000E+00
9.41667534E+08; -6.68800706E+01;  0.00000000E+00
9.41731966E+08; -6.63218295E+01;  0.00000000E+00
9.41796398E+08; -6.62638188E+01;  0.00000000E+00
9.41860830E+08; -6.63786765E+01;  0.00000000E+00
9.41925263E+08; -6.67696583E+01;  0.00000000E+00
9.41989695E+08; -6.66559961E+01;  0.00000000E+00
9.42054127E+08; -6.61228848E+01;  0.00000000E+00
9.42118559E+08; -6.55464652E+01;  0.00000000E+00
9.42182992E+08; -6.62035860E+01;  0.00000000E+00
9.42247424E+08; -6.66910525E+01;  0.00000000E+00
9.42311856E+08; -6.62882157E+01;  0.00000000E+00
9.42376288E+08; -6.65115728E+01;  0.00000000E+00
9.42440720E+08; -6.64488304E+01;  0.00000000E+00
9.42505153E+08; -6.62712705E+01;  0.00000000E+00
9.42569585E+08; -6.57765704E+01;  0.00000000E+00
9.42634017E+08; -6.62565506E+01;  0.00000000E+00
9.42698449E+08; -6.63554993E+01;  0.00000000E+00
9.42762881E+08; -6.57964080E+01;  0.00000000E+00
9.42827314E+08; -6.66194127E+01;  0.00000000E+00
9.42891746E+08; -6.62226399E+01;  0.00000000E+00
9.42956178E+08; -6.56636720E+01;  0.00000000E+00
9.43020610E+08; -6.60151313E+01;  0.00000000E+00
9.43085043E+08; -6.57876294E+01;  0.00000000E+00
9.43149475E+08; -6.65762206E+01;  0.00000000E+00
9.43213907E+08; -6.55765388E+01;  0.00000000E+00
9.43278339E+08; -6.57845459E+01;  0.00000000E+00
9.43342771E+08; -6.64375638E+01;  0.00000000E+00
9.43407204E+08; -6.60731796E+01;  0.00000000E+00
9.43471636E+08; -6.56779379E+01;  0.00000000E+00
9.43536068E+08; -6.64263451E+01;  0.00000000E+00
9.43600500E+08; -6.60610852E+01;  0.00000000E+00
9.43664933E+08; -6.60522423E+01;  0.00000000E+00
9.43729365E+08; -6.53541233E+01;  0.00000000E+00
9.43793797E+08; -6.58483622E+01;  0.00000000E+00
9.43858229E+08; -6.61221226E+01;  0.00000000E+00
9.43922661E+08; -6.53583455E+01;  0.00000000E+00
9.43987094E+08; -6.55413905E+01;  0.00000000E+00
9.44051526E+08; -6.57376474E+01;  0.00000000E+00
9.44115958E+08; -6.55173321E+01;  0.00000000E+00
9.44180390E+08; -6.59069093E+01;  0.00000000E+00
9.44244822E+08; -6.58559972E+01;  0.00000000E+00
9.44309255E+08; -6.56286424E+01;  0.00000000E+00
9.44373687E+08; -6.55417673E+01;  0.00000000E+00
9.44438119E+08; -6.55414312E+01;  0.00000000E+00
9.44502551E+08; -6.55632715E+01;  0.00000000E+00
9.44566984E+08; -6.52044228E+01;  0.00000000E+00
9.44631416E+08; -6.55670494E+01;  0.00000000E+00
9.44695848E+08; -6.52373858E+01;  0.00000000E+00
9.44760280E+08; -6.59693099E+01;  0.00000000E+00
9.44824712E+08; -6.49484479E+01;  0.00000000E+00
9.44889145E+08; -6.53219713E+01;  0.00000000E+00
9.44953577E+08; -6.58205544E+01;  0.00000000E+00
9.45018009E+08; -6.54346607E+01;  0.00000000E+00
9.45082441E+08; -6.53526028E+01;  0.00000000E+00
9.45146873E+08; -6.49598934E+01;  0.00000000E+00
9.45211306E+08; -6.52656677E+01;  0.00000000E+00
9.45275738E+08; -6.52770021E+01;  0.00000000E+00
9.45340170E+08; -6.50304238E+01;  0.00000000E+00
9.45404602E+08; -6.51640998E+01;  0.00000000E+00
9.45469035E+08; -6.52695345E+01;  0.00000000E+00
9.45533467E+08; -6.55121802E+01;  0.00000000E+00
9.45597899E+08; -6.50208064E+01;  0.00000000E+00
9.45662331E+08; -6.48674248E+01;  0.00000000E+00
9.45726763E+08; -6.49555863E+01;  0.00000000E+00
9.45791196E+08; -6.53768424E+01;  0.00000000E+00
9.45855628E+08; -6.50816432E+01;  0.00000000E+00
9.45920060E+08; -6.48369059E+01;  0.00000000E+00
9.45984492E+08; -6.49116105E+01;  0.00000000E+00
9.46048925E+08; -6.45136405E+01;  0.00000000E+00
9.46113357E+08; -6.48330738E+01;  0.00000000E+00
9.46177789E+08; -6.47530974E+01;  0.00000000E+00
9.46242221E+08; -6.46514256E+01;  0.00000000E+00
9.46306653E+08; -6.49678510E+01;  0.00000000E+00
9.46371086E+08; -6.47141369E+01;  0.00000000E+00
9.46435518E+08; -6.49455514E+01;  0.00000000E+00
9.46499950E+08; -6.47328888E+01;  0.00000000E+00
9.46564382E+08; -6.46797898E+01;  0.00000000E+00
9.46628814E+08; -6.45364814E+01;  0.00000000E+00
9.46693247E+08; -6.49450866E+01;  0.00000000E+00
9.46757679E+08; -6.46685851E+01;  0.00000000E+00
9.46822111E+08; -6.41121349E+01;  0.00000000E+00
9.46886543E+08; -6.42540929E+01;  0.00000000E+00
9.46950976E+08; -6.47008093E+01;  0.00000000E+00
9.47015408E+08; -6.48547955E+01;  0.00000000E+00
9.47079840E+08; -6.41016592E+01;  0.00000000E+00
9.47144272E+08; -6.43623218E+01;  0.00000000E+00
9.47208704E+08; -6.39727904E+01;  0.00000000E+00
9.47273137E+08; -6.41594073E+01;  0.00000000E+00
9.47337569E+08; -6.40806609E+01;  0.00000000E+00
9.47402001E+08; -6.42210620E+01;  0.00000000E+00
9.47466433E+08; -6.45554677E+01;  0.00000000E+00
9.47530865E+08; -6.43506021E+01;  0.00000000E+00
9.47595298E+08; -6.42049953E+01;  0.00000000E+00
9.47659730E+08; -6.43827668E+01;  0.00000000E+00
9.47724162E+08; -6.51068053E+01;  0.00000000E+00
9.47788594E+08; -6.36930934E+01;  0.00000000E+00
9.47853027E+08; -6.48390855E+01;  0.00000000E+00
9.47917459E+08; -6.44467562E+01;  0.00000000E+00
9.47981891E+08; -6.44565370E+01;  0.00000000E+00
9.48046323E+08; -6.38561628E+01;  0.00000000E+00
9.48110755E+08; -6.42485146E+01;  0.00000000E+00
9.48175188E+08; -6.41323759E+01;  0.00000000E+00
9.48239620E+08; -6.40131910E+01;  0.00000000E+00
9.48304052E+08; -6.40692260E+01;  0.00000000E+00
9.48368484E+08; -6.36539039E+01;  0.00000000E+00
9.48432917E+08; -6.36121844E+01;  0.00000000E+00
9.48497349E+08; -6.38897674E+01;  0.00000000E+00
9.48561781E+08; -6.37382100E+01;  0.00000000E+00
9.48626213E+08; -6.35544863E+01;  0.00000000E+00
9.48690645E+08; -6.36814713E+01;  0.00000000E+00
9.48755078E+08; -6.37343410E+01;  0.00000000E+00
9.48819510E+08; -6.41936959E+01;  0.00000000E+00
9.48883942E+08; -6.34479346E+01;  0.00000000E+00
9.48948374E+08; -6.36629654E+01;  0.00000000E+00
9.49012806E+08; -6.31132583E+01;  0.00000000E+00
9.49077239E+08; -6.34530020E+01;  0.00000000E+00
9.49141671E+08; -6.33811481E+01;  0.00000000E+00
9.49206103E+08; -6.36071981E+01;  0.00000000E+00
9.49270535E+08; -6.29113295E+01;  0.00000000E+00
9.49334968E+08; -6.32751891E+01;  0.00000000E+00
9.49399400E+08; -6.39060271E+01;  0.00000000E+00
9.49463832E+08; -6.35020909E+01;  0.00000000E+00
9.49528264E+08; -6.29263352E+01;  0.00000000E+00
9.49592696E+08; -6.34724019E+01;  0.00000000E+00
9.49657129E+08; -6.30961714E+01;  0.00000000E+00
9.49721561E+08; -6.31599755E+01;  0.00000000E+00
9.49785993E+08; -6.32879860E+01;  0.00000000E+00
9.49850425E+08; -6.30476572E+01;  0.00000000E+00
9.49914857E+08; -6.31616367E+01;  0.00000000E+00
9.49979290E+08; -6.28979417E+01;  0.00000000E+00
9.50043722E+08; -6.30740981E+01;  0.00000000E+00
9.50108154E+08; -6.30354197E+01;  0.00000000E+00
9.50172586E+08; -6.26548866E+01;  0.00000000E+00
9.50237019E+08; -6.32119213E+01;  0.00000000E+00
9.50301451E+08; -6.32698312E+01;  0.00000000E+00
9.50365883E+08; -6.28254822E+01;  0.00000000E+00
9.50430315E+08; -6.32338745E+01;  0.00000000E+00
9.50494747E+08; -6.28378579E+01;  0.00000000E+00
9.50559180E+08; -6.30038570E+01;  0.00000000E+00
9.50623612E+08; -6.30462932E+01;  0.00000000E+00
9.50688044E+08; -6.28099297E+01;  0.00000000E+00
9.50752476E+08; -6.29487259E+01;  0.00000000E+00
9.50816909E+08; -6.27477929E+01;  0.00000000E+00
9.50881341E+08; -6.28767941E+01;  0.00000000E+00
9.50945773E+08; -6.27124325E+01;  0.00000000E+00
9.51010205E+08; -6.27186854E+01;  0.00000000E+00
9.51074637E+08; -6.22799973E+01;  0.00000000E+00
9.51139070E+08; -6.31639033E+01;  0.00000000E+00
9.51203502E+08; -6.29442701E+01;  0.00000000E+00
9.51267934E+08; -6.29853927E+01;  0.00000000E+00
9.51332366E+08; -6.24514396E+01;  0.00000000E+00
9.51396798E+08; -6.27693644E+01;  0.00000000E+00
9.51461231E+08; -6.25219307E+01;  0.00000000E+00
9.51525663E+08; -6.28609243E+01;  0.00000000E+00
9.51590095E+08; -6.27234632E+01;  0.00000000E+00
9.51654527E+08; -6.24360734E+01;  0.00000000E+00
9.51718960E+08; -6.25075802E+01;  0.00000000E+00
9.51783392E+08; -6.20229858E+01;  0.00000000E+00
9.51847824E+08; -6.23115931E+01;  0.00000000E+00
9.51912256E+08; -6.23043809E+01;  0.00000000E+00
9.51976688E+08; -6.25637302E+01;  0.00000000E+00
9.52041121E+08; -6.24099324E+01;  0.00000000E+00
9.52105553E+08; -6.20814932E+01;  0.00000000E+00
9.52169985E+08; -6.25716687E+01;  0.00000000E+00
9.52234417E+08; -6.20592769E+01;  0.00000000E+00
9.52298849E+08; -6.20408754E+01;  0.00000000E+00
9.52363282E+08; -6.20624719E+01;  0.00000000E+00
9.52427714E+08; -6.19865281E+01;  0.00000000E+00
9.52492146E+08; -6.17751218E+01;  0.00000000E+00
9.52556578E+08; -6.20822497E+01;  0.00000000E+00
9.52621011E+08; -6.17581971E+01;  0.00000000E+00
9.52685443E+08; -6.15712381E+01;  0.00000000E+00
9.52749875E+08; -6.16950429E+01;  0.00000000E+00
9.52814307E+08; -6.17416502E+01;  0.00000000E+00
9.52878739E+08; -6.19428549E+01;  0.00000000E+00
9.52943172E+08; -6.19313927E+01;  0.00000000E+00
9.53007604E+08; -6.16564803E+01;  0.00000000E+00
9.53072036E+08; -6.19242009E+01;  0.00000000E+00
9.53136468E+08; -6.16118776E+01;  0.00000000E+00
9.53200901E+08; -6.17655087E+01;  0.00000000E+00
9.53265333E+08; -6.16773035E+01;  0.00000000E+00
9.53329765E+08; -6.17206979E+01;  0.00000000E+00
9.53394197E+08; -6.17498397E+01;  0.00000000E+00
9.53458629E+08; -6.14837188E+01;  0.00000000E+00
9.53523062E+08; -6.20521137E+01;  0.00000000E+00
9.53587494E+08; -6.13703687E+01;  0.00000000E+00
9.53651926E+08; -6.13629707E+01;  0.00000000E+00
9.53716358E+08; -6.09967032E+01;  0.00000000E+00
9.53780790E+08; -6.15361856E+01;  0.00000000E+00
9.53845223E+08; -6.14863251E+01;  0.00000000E+00
9.53909655E+08; -6.15161230E+01;  0.00000000E+00
9.53974087E+08; -6.13928155E+01;  0.00000000E+00
9.54038519E+08; -6.14416145E+01;  0.00000000E+00
9.54102952E+08; -6.11323293E+01;  0.00000000E+00
9.54167384E+08; -6.12336716E+01;  0.00000000E+00
9.54231816E+08; -6.11649316E+01;  0.00000000E+00
9.54296248E+08; -6.11264207E+01;  0.00000000E+00
9.54360680E+08; -6.07634962E+01;  0.00000000E+00
9.54425113E+08; -6.13293696E+01;  0.00000000E+00
9.54489545E+08; -6.09977424E+01;  0.00000000E+00
9.54553977E+08; -6.12266909E+01;  0.00000000E+00
9.54618409E+08; -6.08399569E+01;  0.00000000E+00
9.54682841E+08; -6.11057066E+01;  0.00000000E+00
9.54747274E+08; -6.05069754E+01;  0.00000000E+00
9.54811706E+08; -6.08699274E+01;  0.00000000E+00
9.54876138E+08; -6.09137344E+01;  0.00000000E+00
9.54940570E+08; -6.10610638E+01;  0.00000000E+00
9.55005003E+08; -6.08080118E+01;  0.00000000E+00
9.55069435E+08; -6.06516655E+01;  0.00000000E+00
9.55133867E+08; -6.09905008E+01;  0.00000000E+00
9.55198299E+08; -6.06414072E+01;  0.00000000E+00
9.55262731E+08; -6.08982089E+01;  0.00000000E+00
9.55327164E+08; -6.02689588E+01;  0.00000000E+00
9.55391596E+08; -6.05497819E+01;  0.00000000E+00
9.55456028E+08; -6.05218907E+01;  0.00000000E+00
9.55520460E+08; -6.06331094E+01;  0.00000000E+00
9.55584892E+08; -6.02968971E+01;  0.00000000E+00
9.55649325E+08; -6.05185239E+01;  0.00000000E+00
9.55713757E+08; -6.02685106E+01;  0.00000000E+00
9.55778189E+08; -6.02242319E+01;  0.00000000E+00
9.55842621E+08; -6.05679919E+01;  0.00000000E+00
9.55907054E+08; -6.03559775E+01;  0.00000000E+00
9.55971486E+08; -6.01179450E+01;  0.00000000E+00
9.56035918E+08; -6.01299207E+01;  0.00000000E+00
9.56100350E+08; -6.05160252E+01;  0.00000000E+00
9.56164782E+08; -6.03341774E+01;  0.00000000E+00
9.56229215E+08; -6.02218306E+01;  0.00000000E+00
9.56293647E+08; -6.00528071E+01;  0.00000000E+00
9.56358079E+08; -6.00135248E+01;  0.00000000E+00
9.56422511E+08; -6.02986622E+01;  0.00000000E+00
9.56486944E+08; -5.97900693E+01;  0.00000000E+00
9.56551376E+08; -5.98178884E+01;  0.00000000E+00
9.56615808E+08; -5.97339102E+01;  0.00000000E+00
9.56680240E+08; -5.99104935E+01;  0.00000000E+00
9.56744672E+08; -5.98525085E+01;  0.00000000E+00
9.56809105E+08; -6.01053995E+01;  0.00000000E+00
9.56873537E+08; -5.99739319E+01;  0.00000000E+00
9.56937969E+08; -5.96288277E+01;  0.00000000E+00
9.57002401E+08; -5.98019041E+01;  0.00000000E+00
9.57066833E+08; -5.94197376E+01;  0.00000000E+00
9.57131266E+08; -5.97420304E+01;  0.00000000E+00
9.57195698E+08; -5.96392028E+01;  0.00000000E+00
9.57260130E+08; -5.98659389E+01;  0.00000000E+00
9.57324562E+08; -5.94199277E+01;  0.00000000E+00
9.57388995E+08; -5.96632380E+01;  0.00000000E+00
9.57453427E+08; -5.94157871E+01;  0.00000000E+00
9.57517859E+08; -5.94677369E+01;  0.00000000E+00
9.57582291E+08; -5.97520088E+01;  0.00000000E+00
9.57646723E+08; -5.93686983E+01;  0.00000000E+00
9.57711156E+08; -5.91702242E+01;  0.00000000E+00
9.57775588E+08; -5.94085336E+01;  0.00000000E+00
9.57840020E+08; -5.93598928E+01;  0.00000000E+00
9.57904452E+08; -5.93892489E+01;  0.00000000E+00
9.57968884E+08; -5.92451759E+01;  0.00000000E+00
9.58033317E+08; -5.92029376E+01;  0.00000000E+00
9.58097749E+08; -5.95047601E+01;  0.00000000E+00
9.58162181E+08; -5.92544864E+01;  0.00000000E+00
9.58226613E+08; -5.91343475E+01;  0.00000000E+00
9.58291046E+08; -5.88857802E+01;  0.00000000E+00
9.58355478E+08; -5.90271044E+01;  0.00000000E+00
9.58419910E+08; -5.91465891E+01;  0.00000000E+00
9.58484342E+08; -5.90201411E+01;  0.00000000E+00
9.58548774E+08; -5.91548325E+01;  0.00000000E+00
9.58613207E+08; -5.89356968E+01;  0.00000000E+00
9.58677639E+08; -5.88114599E+01;  0.00000000E+00
9.58742071E+08; -5.88984781E+01;  0.00000000E+00
9.58806503E+08; -5.89735625E+01;  0.00000000E+00
9.58870936E+08; -5.86492677E+01;  0.00000000E+00
9.58935368E+08; -5.88669990E+01;  0.00000000E+00
9.58999800E+08; -5.88879828E+01;  0.00000000E+00
9.59064232E+08; -5.87080385E+01;  0.00000000E+00
9.59128664E+08; -5.87136963E+01;  0.00000000E+00
9.59193097E+08; -5.87582227E+01;  0.00000000E+00
9.59257529E+08; -5.86113255E+01;  0.00000000E+00
9.59321961E+08; -5.84074481E+01;  0.00000000E+00
9.59386393E+08; -5.86729836E+01;  0.00000000E+00
9.59450825E+08; -5.85772132E+01;  0.00000000E+00
9.59515258E+08; -5.84877042E+01;  0.00000000E+00
9.59579690E+08; -5.84815785E+01;  0.00000000E+00
9.59644122E+08; -5.84823593E+01;  0.00000000E+00
9.59708554E+08; -5.83052919E+01;  0.00000000E+00
9.59772987E+08; -5.82815966E+01;  0.00000000E+00
9.59837419E+08; -5.84537430E+01;  0.00000000E+00
9.59901851E+08; -5.82322340E+01;  0.00000000E+00
9.59966283E+08; -5.84536232E+01;  0.00000000E+00
9.60030715E+08; -5.82490135E+01;  0.00000000E+00
9.60095148E+08; -5.84311356E+01;  0.00000000E+00
9.60159580E+08; -5.82908713E+01;  0.00000000E+00
9.60224012E+08; -5.81826600E+01;  0.00000000E+00
9.60288444E+08; -5.83119012E+01;  0.00000000E+00
9.60352876E+08; -5.81129508E+01;  0.00000000E+00
9.60417309E+08; -5.83422424E+01;  0.00000000E+00
9.60481741E+08; -5.82079749E+01;  0.00000000E+00
9.60546173E+08; -5.79072989E+01;  0.00000000E+00
9.60610605E+08; -5.80433825E+01;  0.00000000E+00
9.60675038E+08; -5.78488361E+01;  0.00000000E+00
9.60739470E+08; -5.78821415E+01;  0.00000000E+00
9.60803902E+08; -5.83264376E+01;  0.00000000E+00
9.60868334E+08; -5.81474079E+01;  0.00000000E+00
9.60932766E+08; -5.82168176E+01;  0.00000000E+00
9.60997199E+08; -5.80141287E+01;  0.00000000E+00
9.61061631E+08; -5.80215289E+01;  0.00000000E+00
9.61126063E+08; -5.79200183E+01;  0.00000000E+00
9.61190495E+08; -5.76800124E+01;  0.00000000E+00
9.61254928E+08; -5.78006176E+01;  0.00000000E+00
9.61319360E+08; -5.76692758E+01;  0.00000000E+00
9.61383792E+08; -5.78001961E+01;  0.00000000E+00
9.61448224E+08; -5.78005062E+01;  0.00000000E+00
9.61512656E+08; -5.78533347E+01;  0.00000000E+00
9.61577089E+08; -5.79069038E+01;  0.00000000E+00
9.61641521E+08; -5.76516233E+01;  0.00000000E+00
9.61705953E+08; -5.74543556E+01;  0.00000000E+00
9.61770385E+08; -5.75864206E+01;  0.00000000E+00
9.61834817E+08; -5.76880548E+01;  0.00000000E+00
9.61899250E+08; -5.77483249E+01;  0.00000000E+00
9.61963682E+08; -5.76353167E+01;  0.00000000E+00
9.62028114E+08; -5.75618770E+01;  0.00000000E+00
9.62092546E+08; -5.77490006E+01;  0.00000000E+00
9.62156979E+08; -5.74828056E+01;  0.00000000E+00
9.62221411E+08; -5.74261926E+01;  0.00000000E+00
9.62285843E+08; -5.75133783E+01;  0.00000000E+00
9.62350275E+08; -5.75855289E+01;  0.00000000E+00
9.62414707E+08; -5.75918968E+01;  0.00000000E+00
9.62479140E+08; -5.77067911E+01;  0.00000000E+00
9.62543572E+08; -5.75624155E+01;  0.00000000E+00
9.62608004E+08; -5.75042787E+01;  0.00000000E+00
9.62672436E+08; -5.77000576E+01;  0.00000000E+00
9.62736868E+08; -5.72831183E+01;  0.00000000E+00
9.62801301E+08; -5.76690906E+01;  0.00000000E+00
9.62865733E+08; -5.74114095E+01;  0.00000000E+00
9.62930165E+08; -5.76057628E+01;  0.00000000E+00
9.62994597E+08; -5.74251953E+01;  0.00000000E+00
9.63059030E+08; -5.73571893E+01;  0.00000000E+00
9.63123462E+08; -5.74099896E+01;  0.00000000E+00
9.63187894E+08; -5.75185437E+01;  0.00000000E+00
9.63252326E+08; -5.72838140E+01;  0.00000000E+00
9.63316758E+08; -5.71534032E+01;  0.00000000E+00
9.63381191E+08; -5.72210632E+01;  0.00000000E+00
9.63445623E+08; -5.71809168E+01;  0.00000000E+00
9.63510055E+08; -5.74883722E+01;  0.00000000E+00
9.63574487E+08; -5.72590014E+01;  0.00000000E+00
9.63638920E+08; -5.72875541E+01;  0.00000000E+00
9.63703352E+08; -5.73612288E+01;  0.00000000E+00
9.63767784E+08; -5.72744027E+01;  0.00000000E+00
9.63832216E+08; -5.71425442E+01;  0.00000000E+00
9.63896648E+08; -5.73952081E+01;  0.00000000E+00
9.63961081E+08; -5.70787832E+01;  0.00000000E+00
9.64025513E+08; -5.71795768E+01;  0.00000000E+00
9.64089945E+08; -5.72343646E+01;  0.00000000E+00
9.64154377E+08; -5.72640660E+01;  0.00000000E+00
9.64218809E+08; -5.72425179E+01;  0.00000000E+00
9.64283242E+08; -5.73667787E+01;  0.00000000E+00
9.64347674E+08; -5.72631205E+01;  0.00000000E+00
9.64412106E+08; -5.69605708E+01;  0.00000000E+00
9.64476538E+08; -5.71462221E+01;  0.00000000E+00
9.64540971E+08; -5.69754011E+01;  0.00000000E+00
9.64605403E+08; -5.72247225E+01;  0.00000000E+00
9.64669835E+08; -5.72096458E+01;  0.00000000E+00
9.64734267E+08; -5.71637749E+01;  0.00000000E+00
9.64798699E+08; -5.71933622E+01;  0.00000000E+00
9.64863132E+08; -5.71754815E+01;  0.00000000E+00
9.64927564E+08; -5.70104595E+01;  0.00000000E+00
9.64991996E+08; -5.73603838E+01;  0.00000000E+00
9.65056428E+08; -5.72412989E+01;  0.00000000E+00
9.65120860E+08; -5.72801235E+01;  0.00000000E+00
9.65185293E+08; -5.73295007E+01;  0.00000000E+00
9.65249725E+08; -5.74341623E+01;  0.00000000E+00
9.65314157E+08; -5.75071430E+01;  0.00000000E+00
9.65378589E+08; -5.73330562E+01;  0.00000000E+00
9.65443022E+08; -5.70630536E+01;  0.00000000E+00
9.65507454E+08; -5.73633221E+01;  0.00000000E+00
9.65571886E+08; -5.72537451E+01;  0.00000000E+00
9.65636318E+08; -5.72169439E+01;  0.00000000E+00
9.65700750E+08; -5.72169657E+01;  0.00000000E+00
9.65765183E+08; -5.73969644E+01;  0.00000000E+00
9.65829615E+08; -5.77233978E+01;  0.00000000E+00
9.65894047E+08; -5.72722756E+01;  0.00000000E+00
9.65958479E+08; -5.72177346E+01;  0.00000000E+00
9.66022912E+08; -5.72456765E+01;  0.00000000E+00
9.66087344E+08; -5.73139718E+01;  0.00000000E+00
9.66151776E+08; -5.74221533E+01;  0.00000000E+00
9.66216208E+08; -5.70828638E+01;  0.00000000E+00
9.66280640E+08; -5.73478900E+01;  0.00000000E+00
9.66345073E+08; -5.73949233E+01;  0.00000000E+00
9.66409505E+08; -5.74346424E+01;  0.00000000E+00
9.66473937E+08; -5.74332632E+01;  0.00000000E+00
9.66538369E+08; -5.73254513E+01;  0.00000000E+00
9.66602801E+08; -5.73367889E+01;  0.00000000E+00
9.66667234E+08; -5.73955958E+01;  0.00000000E+00
9.66731666E+08; -5.73575921E+01;  0.00000000E+00
9.66796098E+08; -5.73144386E+01;  0.00000000E+00
9.66860530E+08; -5.75672852E+01;  0.00000000E+00
9.66924963E+08; -5.76053015E+01;  0.00000000E+00
9.66989395E+08; -5.77329433E+01;  0.00000000E+00
9.67053827E+08; -5.76025341E+01;  0.00000000E+00
9.67118259E+08; -5.76726717E+01;  0.00000000E+00
9.67182691E+08; -5.75423954E+01;  0.00000000E+00
9.67247124E+08; -5.75527999E+01;  0.00000000E+00
9.67311556E+08; -5.74698989E+01;  0.00000000E+00
9.67375988E+08; -5.76387356E+01;  0.00000000E+00
9.67440420E+08; -5.74631073E+01;  0.00000000E+00
9.67504852E+08; -5.77605711E+01;  0.00000000E+00
9.67569285E+08; -5.79051117E+01;  0.00000000E+00
9.67633717E+08; -5.77770716E+01;  0.00000000E+00
9.67698149E+08; -5.77689644E+01;  0.00000000E+00
9.67762581E+08; -5.77475459E+01;  0.00000000E+00
9.67827014E+08; -5.78802722E+01;  0.00000000E+00
9.67891446E+08; -5.76683284E+01;  0.00000000E+00
9.67955878E+08; -5.80202270E+01;  0.00000000E+00
9.68020310E+08; -5.77176762E+01;  0.00000000E+00
9.68084742E+08; -5.79275495E+01;  0.00000000E+00
9.68149175E+08; -5.79102374E+01;  0.00000000E+00
9.68213607E+08; -5.79383755E+01;  0.00000000E+00
9.68278039E+08; -5.79466683E+01;  0.00000000E+00
9.68342471E+08; -5.80262534E+01;  0.00000000E+00
9.68406904E+08; -5.80514020E+01;  0.00000000E+00
9.68471336E+08; -5.77812703E+01;  0.00000000E+00
9.68535768E+08; -5.79242872E+01;  0.00000000E+00
9.68600200E+08; -5.81203048E+01;  0.00000000E+00
9.68664632E+08; -5.80995738E+01;  0.00000000E+00
9.68729065E+08; -5.80869273E+01;  0.00000000E+00
9.68793497E+08; -5.80077847E+01;  0.00000000E+00
9.68857929E+08; -5.80013759E+01;  0.00000000E+00
9.68922361E+08; -5.82137472E+01;  0.00000000E+00
9.68986793E+08; -5.80625656E+01;  0.00000000E+00
9.69051226E+08; -5.83275143E+01;  0.00000000E+00
9.69115658E+08; -5.83218070E+01;  0.00000000E+00
9.69180090E+08; -5.81996429E+01;  0.00000000E+00
9.69244522E+08; -5.82438463E+01;  0.00000000E+00
9.69308955E+08; -5.79808758E+01;  0.00000000E+00
9.69373387E+08; -5.83439543E+01;  0.00000000E+00
9.69437819E+08; -5.83311701E+01;  0.00000000E+00
9.69502251E+08; -5.82902284E+01;  0.00000000E+00
9.69566683E+08; -5.81190737E+01;  0.00000000E+00
9.69631116E+08; -5.83764215E+01;  0.00000000E+00
9.69695548E+08; -5.82525766E+01;  0.00000000E+00
9.69759980E+08; -5.85204561E+01;  0.00000000E+00
9.69824412E+08; -5.86075658E+01;  0.00000000E+00
9.69888844E+08; -5.83621848E+01;  0.00000000E+00
9.69953277E+08; -5.84471874E+01;  0.00000000E+00
9.70017709E+08; -5.86665236E+01;  0.00000000E+00
9.70082141E+08; -5.85463003E+01;  0.00000000E+00
9.70146573E+08; -5.85663275E+01;  0.00000000E+00
9.70211006E+08; -5.84340781E+01;  0.00000000E+00
9.70275438E+08; -5.85290630E+01;  0.00000000E+00
9.70339870E+08; -5.88233580E+01;  0.00000000E+00
9.70404302E+08; -5.85521774E+01;  0.00000000E+00
9.70468734E+08; -5.87911346E+01;  0.00000000E+00
9.70533167E+08; -5.86457961E+01;  0.00000000E+00
9.70597599E+08; -5.86572144E+01;  0.00000000E+00
9.70662031E+08; -5.86278865E+01;  0.00000000E+00
9.70726463E+08; -5.87864009E+01;  0.00000000E+00
9.70790895E+08; -5.87609421E+01;  0.00000000E+00
9.70855328E+08; -5.87547080E+01;  0.00000000E+00
9.70919760E+08; -5.88169756E+01;  0.00000000E+00
9.70984192E+08; -5.88398597E+01;  0.00000000E+00
9.71048624E+08; -5.87970167E+01;  0.00000000E+00
9.71113057E+08; -5.87414618E+01;  0.00000000E+00
9.71177489E+08; -5.88092678E+01;  0.00000000E+00
9.71241921E+08; -5.92317859E+01;  0.00000000E+00
9.71306353E+08; -5.92304811E+01;  0.00000000E+00
9.71370785E+08; -5.89018802E+01;  0.00000000E+00
9.71435218E+08; -5.91774993E+01;  0.00000000E+00
9.71499650E+08; -5.92384717E+01;  0.00000000E+00
9.71564082E+08; -5.91209747E+01;  0.00000000E+00
9.71628514E+08; -5.90273053E+01;  0.00000000E+00
9.71692947E+08; -5.93019760E+01;  0.00000000E+00
9.71757379E+08; -5.92445810E+01;  0.00000000E+00
9.71821811E+08; -5.92566494E+01;  0.00000000E+00
9.71886243E+08; -5.92564087E+01;  0.00000000E+00
9.71950675E+08; -5.94150310E+01;  0.00000000E+00
9.72015108E+08; -5.92844901E+01;  0.00000000E+00
9.72079540E+08; -5.93625720E+01;  0.00000000E+00
9.72143972E+08; -5.95019728E+01;  0.00000000E+00
9.72208404E+08; -5.93051101E+01;  0.00000000E+00
9.72272836E+08; -5.98808355E+01;  0.00000000E+00
9.72337269E+08; -5.94833765E+01;  0.00000000E+00
9.72401701E+08; -5.98132411E+01;  0.00000000E+00
9.72466133E+08; -5.96230653E+01;  0.00000000E+00
9.72530565E+08; -5.97082499E+01;  0.00000000E+00
9.72594998E+08; -5.98484977E+01;  0.00000000E+00
9.72659430E+08; -5.98250086E+01;  0.00000000E+00
9.72723862E+08; -5.94451689E+01;  0.00000000E+00
9.72788294E+08; -5.94653613E+01;  0.00000000E+00
9.72852726E+08; -5.94338879E+01;  0.00000000E+00
9.72917159E+08; -5.97800077E+01;  0.00000000E+00
9.72981591E+08; -5.99480022E+01;  0.00000000E+00
9.73046023E+08; -5.97036471E+01;  0.00000000E+00
9.73110455E+08; -5.99357838E+01;  0.00000000E+00
9.73174887E+08; -5.97922970E+01;  0.00000000E+00
9.73239320E+08; -5.97916381E+01;  0.00000000E+00
9.73303752E+08; -6.01164156E+01;  0.00000000E+00
9.73368184E+08; -5.98972376E+01;  0.00000000E+00
9.73432616E+08; -6.00858037E+01;  0.00000000E+00
9.73497049E+08; -6.01701836E+01;  0.00000000E+00
9.73561481E+08; -6.00374040E+01;  0.00000000E+00
9.73625913E+08; -6.03535158E+01;  0.00000000E+00
9.73690345E+08; -6.01789867E+01;  0.00000000E+00
9.73754777E+08; -6.02887530E+01;  0.00000000E+00
9.73819210E+08; -6.02901519E+01;  0.00000000E+00
9.73883642E+08; -6.03089068E+01;  0.00000000E+00
9.73948074E+08; -6.04096602E+01;  0.00000000E+00
9.74012506E+08; -6.05821068E+01;  0.00000000E+00
9.74076939E+08; -6.03997135E+01;  0.00000000E+00
9.74141371E+08; -6.03532368E+01;  0.00000000E+00
9.74205803E+08; -6.02893704E+01;  0.00000000E+00
9.74270235E+08; -6.05524450E+01;  0.00000000E+00
9.74334667E+08; -6.03220962E+01;  0.00000000E+00
9.74399100E+08; -6.02263112E+01;  0.00000000E+00
9.74463532E+08; -6.07577973E+01;  0.00000000E+00
9.74527964E+08; -6.05358389E+01;  0.00000000E+00
9.74592396E+08; -6.04379652E+01;  0.00000000E+00
9.74656828E+08; -6.06474844E+01;  0.00000000E+00
9.74721261E+08; -6.05907001E+01;  0.00000000E+00
9.74785693E+08; -6.05784006E+01;  0.00000000E+00
9.74850125E+08; -6.08092168E+01;  0.00000000E+00
9.74914557E+08; -6.06539343E+01;  0.00000000E+00
9.74978990E+08; -6.03375122E+01;  0.00000000E+00
9.75043422E+08; -6.08094105E+01;  0.00000000E+00
9.75107854E+08; -6.08585572E+01;  0.00000000E+00
9.75172286E+08; -6.05397722E+01;  0.00000000E+00
9.75236718E+08; -6.06466723E+01;  0.00000000E+00
9.75301151E+08; -6.08682522E+01;  0.00000000E+00
9.75365583E+08; -6.10447040E+01;  0.00000000E+00
9.75430015E+08; -6.09946160E+01;  0.00000000E+00
9.75494447E+08; -6.10197356E+01;  0.00000000E+00
9.75558879E+08; -6.08546012E+01;  0.00000000E+00
9.75623312E+08; -6.08495932E+01;  0.00000000E+00
9.75687744E+08; -6.09988276E+01;  0.00000000E+00
9.75752176E+08; -6.13896011E+01;  0.00000000E+00
9.75816608E+08; -6.09943576E+01;  0.00000000E+00
9.75881041E+08; -6.12010640E+01;  0.00000000E+00
9.75945473E+08; -6.11686033E+01;  0.00000000E+00
9.76009905E+08; -6.11168016E+01;  0.00000000E+00
9.76074337E+08; -6.11114738E+01;  0.00000000E+00
9.76138769E+08; -6.11139582E+01;  0.00000000E+00
9.76203202E+08; -6.13372678E+01;  0.00000000E+00
9.76267634E+08; -6.09866852E+01;  0.00000000E+00
9.76332066E+08; -6.11751032E+01;  0.00000000E+00
9.76396498E+08; -6.15373540E+01;  0.00000000E+00
9.76460931E+08; -6.13495175E+01;  0.00000000E+00
9.76525363E+08; -6.14365854E+01;  0.00000000E+00
9.76589795E+08; -6.16582981E+01;  0.00000000E+00
9.76654227E+08; -6.13292747E+01;  0.00000000E+00
9.76718659E+08; -6.18177182E+01;  0.00000000E+00
9.76783092E+08; -6.15998123E+01;  0.00000000E+00
9.76847524E+08; -6.18004095E+01;  0.00000000E+00
9.76911956E+08; -6.10588519E+01;  0.00000000E+00
9.76976388E+08; -6.16571207E+01;  0.00000000E+00
9.77040820E+08; -6.13109001E+01;  0.00000000E+00
9.77105253E+08; -6.15779944E+01;  0.00000000E+00
9.77169685E+08; -6.15088574E+01;  0.00000000E+00
9.77234117E+08; -6.18395641E+01;  0.00000000E+00
9.77298549E+08; -6.18547609E+01;  0.00000000E+00
9.77362982E+08; -6.19351959E+01;  0.00000000E+00
9.77427414E+08; -6.19287929E+01;  0.00000000E+00
9.77491846E+08; -6.17985220E+01;  0.00000000E+00
9.77556278E+08; -6.16957044E+01;  0.00000000E+00
9.77620710E+08; -6.18637247E+01;  0.00000000E+00
9.77685143E+08; -6.20860590E+01;  0.00000000E+00
9.77749575E+08; -6.16659884E+01;  0.00000000E+00
9.77814007E+08; -6.19582686E+01;  0.00000000E+00
9.77878439E+08; -6.21942837E+01;  0.00000000E+00
9.77942871E+08; -6.19317577E+01;  0.00000000E+00
9.78007304E+08; -6.22388270E+01;  0.00000000E+00
9.78071736E+08; -6.21284744E+01;  0.00000000E+00
9.78136168E+08; -6.19000657E+01;  0.00000000E+00
9.78200600E+08; -6.20727048E+01;  0.00000000E+00
9.78265033E+08; -6.23117664E+01;  0.00000000E+00
9.78329465E+08; -6.21965339E+01;  0.00000000E+00
9.78393897E+08; -6.18400883E+01;  0.00000000E+00
9.78458329E+08; -6.19687941E+01;  0.00000000E+00
9.78522761E+08; -6.23435236E+01;  0.00000000E+00
9.78587194E+08; -6.22485942E+01;  0.00000000E+00
9.78651626E+08; -6.25325930E+01;  0.00000000E+00
9.78716058E+08; -6.18699392E+01;  0.00000000E+00
9.78780490E+08; -6.23157808E+01;  0.00000000E+00
9.78844923E+08; -6.22902941E+01;  0.00000000E+00
9.78909355E+08; -6.22592366E+01;  0.00000000E+00
9.78973787E+08; -6.23419674E+01;  0.00000000E+00
9.79038219E+08; -6.23146761E+01;  0.00000000E+00
9.79102651E+08; -6.23776664E+01;  0.00000000E+00
9.79167084E+08; -6.21833956E+01;  0.00000000E+00
9.79231516E+08; -6.19371320E+01;  0.00000000E+00
9.79295948E+08; -6.27184131E+01;  0.00000000E+00
9.79360380E+08; -6.26251639E+01;  0.00000000E+00
9.79424812E+08; -6.26939431E+01;  0.00000000E+00
9.79489245E+08; -6.24109157E+01;  0.00000000E+00
9.79553677E+08; -6.25472549E+01;  0.00000000E+00
9.79618109E+08; -6.28321054E+01;  0.00000000E+00
9.79682541E+08; -6.27766077E+01;  0.00000000E+00
9.79746974E+08; -6.27636738E+01;  0.00000000E+00
9.79811406E+08; -6.27754642E+01;  0.00000000E+00
9.79875838E+08; -6.27310992E+01;  0.00000000E+00
9.79940270E+08; -6.23001908E+01;  0.00000000E+00
9.80004702E+08; -6.29351266E+01;  0.00000000E+00
9.80069135E+08; -6.27959724E+01;  0.00000000E+00
9.80133567E+08; -6.27484600E+01;  0.00000000E+00
9.80197999E+08; -6.29647619E+01;  0.00000000E+00
9.80262431E+08; -6.27947543E+01;  0.00000000E+00
9.80326863E+08; -6.28383088E+01;  0.00000000E+00
9.80391296E+08; -6.30485041E+01;  0.00000000E+00
9.80455728E+08; -6.34721755E+01;  0.00000000E+00
9.80520160E+08; -6.29950811E+01;  0.00000000E+00
9.80584592E+08; -6.30550304E+01;  0.00000000E+00
9.80649025E+08; -6.28492357E+01;  0.00000000E+00
9.80713457E+08; -6.34644704E+01;  0.00000000E+00
9.80777889E+08; -6.29228118E+01;  0.00000000E+00
9.80842321E+08; -6.30263594E+01;  0.00000000E+00
9.80906753E+08; -6.31410590E+01;  0.00000000E+00
9.80971186E+08; -6.29301945E+01;  0.00000000E+00
9.81035618E+08; -6.28005311E+01;  0.00000000E+00
9.81100050E+08; -6.32424380E+01;  0.00000000E+00
9.81164482E+08; -6.31670559E+01;  0.00000000E+00
9.81228915E+08; -6.31885362E+01;  0.00000000E+00
9.81293347E+08; -6.34116859E+01;  0.00000000E+00
9.81357779E+08; -6.38026931E+01;  0.00000000E+00
9.81422211E+08; -6.34076419E+01;  0.00000000E+00
9.81486643E+08; -6.32946476E+01;  0.00000000E+00
9.81551076E+08; -6.36084586E+01;  0.00000000E+00
9.81615508E+08; -6.33127573E+01;  0.00000000E+00
9.81679940E+08; -6.32605785E+01;  0.00000000E+00
9.81744372E+08; -6.31242971E+01;  0.00000000E+00
9.81808804E+08; -6.36708025E+01;  0.00000000E+00
9.81873237E+08; -6.35375033E+01;  0.00000000E+00
9.81937669E+08; -6.39542713E+01;  0.00000000E+00
9.82002101E+08; -6.36939876E+01;  0.00000000E+00
9.82066533E+08; -6.36000239E+01;  0.00000000E+00
9.82130966E+08; -6.36552459E+01;  0.00000000E+00
9.82195398E+08; -6.36506245E+01;  0.00000000E+00
9.82259830E+08; -6.34587638E+01;  0.00000000E+00
9.82324262E+08; -6.35844104E+01;  0.00000000E+00
9.82388694E+08; -6.31803979E+01;  0.00000000E+00
9.82453127E+08; -6.36140713E+01;  0.00000000E+00
9.82517559E+08; -6.33458664E+01;  0.00000000E+00
9.82581991E+08; -6.32625393E+01;  0.00000000E+00
9.82646423E+08; -6.36038857E+01;  0.00000000E+00
9.82710855E+08; -6.37350264E+01;  0.00000000E+00
9.82775288E+08; -6.38401858E+01;  0.00000000E+00
9.82839720E+08; -6.36543872E+01;  0.00000000E+00
9.82904152E+08; -6.40263416E+01;  0.00000000E+00
9.82968584E+08; -6.38703149E+01;  0.00000000E+00
9.83033017E+08; -6.40060323E+01;  0.00000000E+00
9.83097449E+08; -6.34000013E+01;  0.00000000E+00
9.83161881E+08; -6.41129664E+01;  0.00000000E+00
9.83226313E+08; -6.36358568E+01;  0.00000000E+00
9.83290745E+08; -6.36076970E+01;  0.00000000E+00
9.83355178E+08; -6.39263693E+01;  0.00000000E+00
9.83419610E+08; -6.41782597E+01;  0.00000000E+00
9.83484042E+08; -6.40229134E+01;  0.00000000E+00
9.83548474E+08; -6.43412208E+01;  0.00000000E+00
9.83612907E+08; -6.39225375E+01;  0.00000000E+00
9.83677339E+08; -6.39878706E+01;  0.00000000E+00
9.83741771E+08; -6.40318352E+01;  0.00000000E+00
9.83806203E+08; -6.42691066E+01;  0.00000000E+00
9.83870635E+08; -6.40646889E+01;  0.00000000E+00
9.83935068E+08; -6.41402732E+01;  0.00000000E+00
9.83999500E+08; -6.43467584E+01;  0.00000000E+00
9.84063932E+08; -6.42304430E+01;  0.00000000E+00
9.84128364E+08; -6.41534906E+01;  0.00000000E+00
9.84192796E+08; -6.39962187E+01;  0.00000000E+00
9.84257229E+08; -6.42450339E+01;  0.00000000E+00
9.84321661E+08; -6.45944085E+01;  0.00000000E+00
9.84386093E+08; -6.40465347E+01;  0.00000000E+00
9.84450525E+08; -6.43751898E+01;  0.00000000E+00
9.84514958E+08; -6.42760714E+01;  0.00000000E+00
9.84579390E+08; -6.44208718E+01;  0.00000000E+00
9.84643822E+08; -6.42890599E+01;  0.00000000E+00
9.84708254E+08; -6.46261316E+01;  0.00000000E+00
9.84772686E+08; -6.48881010E+01;  0.00000000E+00
9.84837119E+08; -6.44117485E+01;  0.00000000E+00
9.84901551E+08; -6.45212952E+01;  0.00000000E+00
9.84965983E+08; -6.44099789E+01;  0.00000000E+00
9.85030415E+08; -6.45760189E+01;  0.00000000E+00
9.85094847E+08; -6.46058541E+01;  0.00000000E+00
9.85159280E+08; -6.41647445E+01;  0.00000000E+00
9.85223712E+08; -6.44726775E+01;  0.00000000E+00
9.85288144E+08; -6.43135791E+01;  0.00000000E+00
9.85352576E+08; -6.47785450E+01;  0.00000000E+00
9.85417009E+08; -6.46595197E+01;  0.00000000E+00
9.85481441E+08; -6.46531378E+01;  0.00000000E+00
9.85545873E+08; -6.46192640E+01;  0.00000000E+00
9.85610305E+08; -6.44543377E+01;  0.00000000E+00
9.85674737E+08; -6.40353337E+01;  0.00000000E+00
9.85739170E+08; -6.44311942E+01;  0.00000000E+00
9.85803602E+08; -6.49613364E+01;  0.00000000E+00
9.85868034E+08; -6.44124921E+01;  0.00000000E+00
9.85932466E+08; -6.42990763E+01;  0.00000000E+00
9.85996898E+08; -6.47695639E+01;  0.00000000E+00
9.86061331E+08; -6.54456961E+01;  0.00000000E+00
9.86125763E+08; -6.50894649E+01;  0.00000000E+00
9.86190195E+08; -6.50685278E+01;  0.00000000E+00
9.86254627E+08; -6.53137671E+01;  0.00000000E+00
9.86319060E+08; -6.47163545E+01;  0.00000000E+00
9.86383492E+08; -6.53595893E+01;  0.00000000E+00
9.86447924E+08; -6.46119549E+01;  0.00000000E+00
9.86512356E+08; -6.48974549E+01;  0.00000000E+00
9.86576788E+08; -6.48759064E+01;  0.00000000E+00
9.86641221E+08; -6.53127732E+01;  0.00000000E+00
9.86705653E+08; -6.52587411E+01;  0.00000000E+00
9.86770085E+08; -6.50927280E+01;  0.00000000E+00
9.86834517E+08; -6.49649553E+01;  0.00000000E+00
9.86898950E+08; -6.52322665E+01;  0.00000000E+00
9.86963382E+08; -6.49941414E+01;  0.00000000E+00
9.87027814E+08; -6.50607612E+01;  0.00000000E+00
9.87092246E+08; -6.49169153E+01;  0.00000000E+00
9.87156678E+08; -6.46035380E+01;  0.00000000E+00
9.87221111E+08; -6.46531616E+01;  0.00000000E+00
9.87285543E+08; -6.50436270E+01;  0.00000000E+00
9.87349975E+08; -6.52554843E+01;  0.00000000E+00
9.87414407E+08; -6.52276676E+01;  0.00000000E+00
9.87478839E+08; -6.50852362E+01;  0.00000000E+00
9.87543272E+08; -6.53338364E+01;  0.00000000E+00
9.87607704E+08; -6.52199932E+01;  0.00000000E+00
9.87672136E+08; -6.55149961E+01;  0.00000000E+00
9.87736568E+08; -6.55936811E+01;  0.00000000E+00
9.87801001E+08; -6.53247373E+01;  0.00000000E+00
9.87865433E+08; -6.54282173E+01;  0.00000000E+00
9.87929865E+08; -6.54783851E+01;  0.00000000E+00
9.87994297E+08; -6.53542787E+01;  0.00000000E+00
9.88058729E+08; -6.51614214E+01;  0.00000000E+00
9.88123162E+08; -6.51225516E+01;  0.00000000E+00
9.88187594E+08; -6.51824665E+01;  0.00000000E+00
9.88252026E+08; -6.54886738E+01;  0.00000000E+00
9.88316458E+08; -6.58534857E+01;  0.00000000E+00
9.88380890E+08; -6.49453665E+01;  0.00000000E+00
9.88445323E+08; -6.52154113E+01;  0.00000000E+00
9.88509755E+08; -6.54677036E+01;  0.00000000E+00
9.88574187E+08; -6.53936875E+01;  0.00000000E+00
9.88638619E+08; -6.57231095E+01;  0.00000000E+00
9.88703052E+08; -6.52724109E+01;  0.00000000E+00
9.88767484E+08; -6.56144856E+01;  0.00000000E+00
9.88831916E+08; -6.54836208E+01;  0.00000000E+00
9.88896348E+08; -6.55563107E+01;  0.00000000E+00
9.88960780E+08; -6.50828151E+01;  0.00000000E+00
9.89025213E+08; -6.53702341E+01;  0.00000000E+00
9.89089645E+08; -6.57480958E+01;  0.00000000E+00
9.89154077E+08; -6.56974477E+01;  0.00000000E+00
9.89218509E+08; -6.57756804E+01;  0.00000000E+00
9.89282942E+08; -6.58058426E+01;  0.00000000E+00
9.89347374E+08; -6.52283014E+01;  0.00000000E+00
9.89411806E+08; -6.59162159E+01;  0.00000000E+00
9.89476238E+08; -6.53362250E+01;  0.00000000E+00
9.89540670E+08; -6.60556469E+01;  0.00000000E+00
9.89605103E+08; -6.54935149E+01;  0.00000000E+00
9.89669535E+08; -6.58681327E+01;  0.00000000E+00
9.89733967E+08; -6.61323186E+01;  0.00000000E+00
9.89798399E+08; -6.54718449E+01;  0.00000000E+00
9.89862831E+08; -6.57767757E+01;  0.00000000E+00
9.89927264E+08; -6.58233256E+01;  0.00000000E+00
9.89991696E+08; -6.59903818E+01;  0.00000000E+00
9.90056128E+08; -6.61272192E+01;  0.00000000E+00
9.90120560E+08; -6.62000282E+01;  0.00000000E+00
9.90184993E+08; -6.54043104E+01;  0.00000000E+00
9.90249425E+08; -6.59297704E+01;  0.00000000E+00
9.90313857E+08; -6.62167528E+01;  0.00000000E+00
9.90378289E+08; -6.59564632E+01;  0.00000000E+00
9.90442721E+08; -6.60352845E+01;  0.00000000E+00
9.90507154E+08; -6.59719851E+01;  0.00000000E+00
9.90571586E+08; -6.56016750E+01;  0.00000000E+00
9.90636018E+08; -6.65319892E+01;  0.00000000E+00
9.90700450E+08; -6.54067729E+01;  0.00000000E+00
9.90764882E+08; -6.64768235E+01;  0.00000000E+00
9.90829315E+08; -6.53287148E+01;  0.00000000E+00
9.90893747E+08; -6.61373312E+01;  0.00000000E+00
9.90958179E+08; -6.60413629E+01;  0.00000000E+00
9.91022611E+08; -6.57165282E+01;  0.00000000E+00
9.91087044E+08; -6.61635842E+01;  0.00000000E+00
9.91151476E+08; -6.60851606E+01;  0.00000000E+00
9.91215908E+08; -6.58970900E+01;  0.00000000E+00
9.91280340E+08; -6.61289625E+01;  0.00000000E+00
9.91344772E+08; -6.56980418E+01;  0.00000000E+00
9.91409205E+08; -6.61194555E+01;  0.00000000E+00
9.91473637E+08; -6.60503536E+01;  0.00000000E+00
9.91538069E+08; -6.62090637E+01;  0.00000000E+00
9.91602501E+08; -6.67177899E+01;  0.00000000E+00
9.91666934E+08; -6.65885118E+01;  0.00000000E+00
9.91731366E+08; -6.61873782E+01;  0.00000000E+00
9.91795798E+08; -6.62168893E+01;  0.00000000E+00
9.91860230E+08; -6.59831536E+01;  0.00000000E+00
9.91924662E+08; -6.72100482E+01;  0.00000000E+00
9.91989095E+08; -6.61444506E+01;  0.00000000E+00
9.92053527E+08; -6.67675631E+01;  0.00000000E+00
9.92117959E+08; -6.64568770E+01;  0.00000000E+00
9.92182391E+08; -6.62671551E+01;  0.00000000E+00
9.92246823E+08; -6.64877790E+01;  0.00000000E+00
9.92311256E+08; -6.65915827E+01;  0.00000000E+00
9.92375688E+08; -6.62743429E+01;  0.00000000E+00
9.92440120E+08; -6.65774022E+01;  0.00000000E+00
9.92504552E+08; -6.70410286E+01;  0.00000000E+00
9.92568985E+08; -6.62788269E+01;  0.00000000E+00
9.92633417E+08; -6.61050988E+01;  0.00000000E+00
9.92697849E+08; -6.62457321E+01;  0.00000000E+00
9.92762281E+08; -6.61774612E+01;  0.00000000E+00
9.92826713E+08; -6.62271064E+01;  0.00000000E+00
9.92891146E+08; -6.59393872E+01;  0.00000000E+00
9.92955578E+08; -6.63790521E+01;  0.00000000E+00
9.93020010E+08; -6.72623167E+01;  0.00000000E+00
9.93084442E+08; -6.68762871E+01;  0.00000000E+00
9.93148874E+08; -6.60904553E+01;  0.00000000E+00
9.93213307E+08; -6.65980956E+01;  0.00000000E+00
9.93277739E+08; -6.69253359E+01;  0.00000000E+00
9.93342171E+08; -6.73258793E+01;  0.00000000E+00
9.93406603E+08; -6.71166198E+01;  0.00000000E+00
9.93471036E+08; -6.61410640E+01;  0.00000000E+00
9.93535468E+08; -6.73609704E+01;  0.00000000E+00
9.93599900E+08; -6.69361155E+01;  0.00000000E+00
9.93664332E+08; -6.63716553E+01;  0.00000000E+00
9.93728764E+08; -6.65141781E+01;  0.00000000E+00
9.93793197E+08; -6.69328120E+01;  0.00000000E+00
9.93857629E+08; -6.67275880E+01;  0.00000000E+00
9.93922061E+08; -6.61876603E+01;  0.00000000E+00
9.93986493E+08; -6.70462965E+01;  0.00000000E+00
9.94050926E+08; -6.65000348E+01;  0.00000000E+00
9.94115358E+08; -6.68449212E+01;  0.00000000E+00
9.94179790E+08; -6.65791766E+01;  0.00000000E+00
9.94244222E+08; -6.67099253E+01;  0.00000000E+00
9.94308654E+08; -6.68602863E+01;  0.00000000E+00
9.94373087E+08; -6.66446030E+01;  0.00000000E+00
9.94437519E+08; -6.64255139E+01;  0.00000000E+00
9.94501951E+08; -6.71531701E+01;  0.00000000E+00
9.94566383E+08; -6.67899085E+01;  0.00000000E+00
9.94630815E+08; -6.66308379E+01;  0.00000000E+00
9.94695248E+08; -6.63763048E+01;  0.00000000E+00
9.94759680E+08; -6.65727294E+01;  0.00000000E+00
9.94824112E+08; -6.76313264E+01;  0.00000000E+00
9.94888544E+08; -6.70978064E+01;  0.00000000E+00
9.94952977E+08; -6.65327620E+01;  0.00000000E+00
9.95017409E+08; -6.70047494E+01;  0.00000000E+00
9.95081841E+08; -6.72045009E+01;  0.00000000E+00
9.95146273E+08; -6.64563962E+01;  0.00000000E+00
9.95210705E+08; -6.67334955E+01;  0.00000000E+00
9.95275138E+08; -6.69924645E+01;  0.00000000E+00
9.95339570E+08; -6.67387861E+01;  0.00000000E+00
9.95404002E+08; -6.65028575E+01;  0.00000000E+00
9.95468434E+08; -6.69106829E+01;  0.00000000E+00
9.95532866E+08; -6.67651668E+01;  0.00000000E+00
9.95597299E+08; -6.68872322E+01;  0.00000000E+00
9.95661731E+08; -6.71286153E+01;  0.00000000E+00
9.95726163E+08; -6.71395273E+01;  0.00000000E+00
9.95790595E+08; -6.71356414E+01;  0.00000000E+00
9.95855028E+08; -6.70111108E+01;  0.00000000E+00
9.95919460E+08; -6.70343818E+01;  0.00000000E+00
9.95983892E+08; -6.81187864E+01;  0.00000000E+00
9.96048324E+08; -6.68642023E+01;  0.00000000E+00
9.96112756E+08; -6.71892134E+01;  0.00000000E+00
9.96177189E+08; -6.73575417E+01;  0.00000000E+00
9.96241621E+08; -6.71799221E+01;  0.00000000E+00
9.96306053E+08; -6.68994440E+01;  0.00000000E+00
9.96370485E+08; -6.81699075E+01;  0.00000000E+00
9.96434918E+08; -6.74844061E+01;  0.00000000E+00
9.96499350E+08; -6.71930815E+01;  0.00000000E+00
9.96563782E+08; -6.80222924E+01;  0.00000000E+00
9.96628214E+08; -6.77452473E+01;  0.00000000E+00
9.96692646E+08; -6.75789079E+01;  0.00000000E+00
9.96757079E+08; -6.71007788E+01;  0.00000000E+00
9.96821511E+08; -6.69327902E+01;  0.00000000E+00
9.96885943E+08; -6.66920800E+01;  0.00000000E+00
9.96950375E+08; -6.69452868E+01;  0.00000000E+00
9.97014807E+08; -6.69742140E+01;  0.00000000E+00
9.97079240E+08; -6.73747402E+01;  0.00000000E+00
9.97143672E+08; -6.76624698E+01;  0.00000000E+00
9.97208104E+08; -6.76017109E+01;  0.00000000E+00
9.97272536E+08; -6.66788999E+01;  0.00000000E+00
9.97336969E+08; -6.76392620E+01;  0.00000000E+00
9.97401401E+08; -6.65499833E+01;  0.00000000E+00
9.97465833E+08; -6.66217401E+01;  0.00000000E+00
9.97530265E+08; -6.79630198E+01;  0.00000000E+00
9.97594697E+08; -6.74612142E+01;  0.00000000E+00
9.97659130E+08; -6.79760860E+01;  0.00000000E+00
9.97723562E+08; -6.74428194E+01;  0.00000000E+00
9.97787994E+08; -6.78022745E+01;  0.00000000E+00
9.97852426E+08; -6.70922407E+01;  0.00000000E+00
9.97916858E+08; -6.77849839E+01;  0.00000000E+00
9.97981291E+08; -6.78509103E+01;  0.00000000E+00
9.98045723E+08; -6.77234445E+01;  0.00000000E+00
9.98110155E+08; -6.76003252E+01;  0.00000000E+00
9.98174587E+08; -6.79196098E+01;  0.00000000E+00
9.98239020E+08; -6.82481272E+01;  0.00000000E+00
9.98303452E+08; -6.76490533E+01;  0.00000000E+00
9.98367884E+08; -6.73962790E+01;  0.00000000E+00
9.98432316E+08; -6.74557000E+01;  0.00000000E+00
9.98496748E+08; -6.76645997E+01;  0.00000000E+00
9.98561181E+08; -6.78013715E+01;  0.00000000E+00
9.98625613E+08; -6.80525168E+01;  0.00000000E+00
9.98690045E+08; -6.77127073E+01;  0.00000000E+00
9.98754477E+08; -6.75323104E+01;  0.00000000E+00
9.98818910E+08; -6.75490631E+01;  0.00000000E+00
9.98883342E+08; -6.77132217E+01;  0.00000000E+00
9.98947774E+08; -6.80921551E+01;  0.00000000E+00
9.99012206E+08; -6.77157332E+01;  0.00000000E+00
9.99076638E+08; -6.78955071E+01;  0.00000000E+00
9.99141071E+08; -6.82543316E+01;  0.00000000E+00
9.99205503E+08; -6.78090198E+01;  0.00000000E+00
9.99269935E+08; -6.76403854E+01;  0.00000000E+00
9.99334367E+08; -6.80815996E+01;  0.00000000E+00
9.99398799E+08; -6.75078721E+01;  0.00000000E+00
9.99463232E+08; -6.77507242E+01;  0.00000000E+00
9.99527664E+08; -6.81666266E+01;  0.00000000E+00
9.99592096E+08; -6.76759781E+01;  0.00000000E+00
9.99656528E+08; -6.82317956E+01;  0.00000000E+00
9.99720961E+08; -6.82602483E+01;  0.00000000E+00
9.99785393E+08; -6.81213533E+01;  0.00000000E+00
9.99849825E+08; -6.83751620E+01;  0.00000000E+00
9.99914257E+08; -6.81771727E+01;  0.00000000E+00
9.99978689E+08; -6.87051848E+01;  0.00000000E+00
1.00004312E+09; -6.82572825E+01;  0.00000000E+00
1.00010755E+09; -6.74548914E+01;  0.00000000E+00
1.00017199E+09; -6.89715855E+01;  0.00000000E+00
1.00023642E+09; -6.76781857E+01;  0.00000000E+00
1.00030085E+09; -6.76765552E+01;  0.00000000E+00
1.00036528E+09; -6.75673463E+01;  0.00000000E+00
1.00042971E+09; -6.74097544E+01;  0.00000000E+00
1.00049415E+09; -6.80655555E+01;  0.00000000E+00
1.00055858E+09; -6.82396410E+01;  0.00000000E+00
1.00062301E+09; -6.82319178E+01;  0.00000000E+00
1.00068744E+09; -6.78669999E+01;  0.00000000E+00
1.00075188E+09; -6.74460250E+01;  0.00000000E+00
1.00081631E+09; -6.72703197E+01;  0.00000000E+00
1.00088074E+09; -6.74017325E+01;  0.00000000E+00
1.00094517E+09; -6.81814499E+01;  0.00000000E+00
1.00100960E+09; -6.83549001E+01;  0.00000000E+00
1.00107404E+09; -6.75069624E+01;  0.00000000E+00
1.00113847E+09; -6.81651630E+01;  0.00000000E+00
1.00120290E+09; -6.85588223E+01;  0.00000000E+00
1.00126733E+09; -6.84301052E+01;  0.00000000E+00
1.00133177E+09; -6.89840394E+01;  0.00000000E+00
1.00139620E+09; -6.74959206E+01;  0.00000000E+00
1.00146063E+09; -6.86192339E+01;  0.00000000E+00
1.00152506E+09; -6.79997920E+01;  0.00000000E+00
1.00158949E+09; -6.80935907E+01;  0.00000000E+00
1.00165393E+09; -6.81082921E+01;  0.00000000E+00
1.00171836E+09; -6.80655271E+01;  0.00000000E+00
1.00178279E+09; -6.82497909E+01;  0.00000000E+00
1.00184722E+09; -6.83150261E+01;  0.00000000E+00
1.00191166E+09; -6.79403249E+01;  0.00000000E+00
1.00197609E+09; -6.80060395E+01;  0.00000000E+00
1.00204052E+09; -6.76104957E+01;  0.00000000E+00
1.00210495E+09; -6.81226716E+01;  0.00000000E+00
1.00216938E+09; -6.79308037E+01;  0.00000000E+00
1.00223382E+09; -6.82000321E+01;  0.00000000E+00
1.00229825E+09; -6.81030233E+01;  0.00000000E+00
1.00236268E+09; -6.82733108E+01;  0.00000000E+00
1.00242711E+09; -6.82976791E+01;  0.00000000E+00
1.00249155E+09; -6.79191578E+01;  0.00000000E+00
1.00255598E+09; -6.84884629E+01;  0.00000000E+00
1.00262041E+09; -6.87041997E+01;  0.00000000E+00
1.00268484E+09; -6.75077900E+01;  0.00000000E+00
1.00274927E+09; -6.74130025E+01;  0.00000000E+00
1.00281371E+09; -6.85364324E+01;  0.00000000E+00
1.00287814E+09; -6.87682152E+01;  0.00000000E+00
1.00294257E+09; -6.81519014E+01;  0.00000000E+00
1.00300700E+09; -6.88161552E+01;  0.00000000E+00
1.00307144E+09; -6.82814506E+01;  0.00000000E+00
1.00313587E+09; -6.93474783E+01;  0.00000000E+00
1.00320030E+09; -6.81256600E+01;  0.00000000E+00
1.00326473E+09; -6.83270300E+01;  0.00000000E+00
1.00332916E+09; -6.79986615E+01;  0.00000000E+00
1.00339360E+09; -6.80240458E+01;  0.00000000E+00
1.00345803E+09; -6.82724197E+01;  0.00000000E+00
1.00352246E+09; -6.84614631E+01;  0.00000000E+00
1.00358689E+09; -6.93788154E+01;  0.00000000E+00
1.00365133E+09; -6.79779659E+01;  0.00000000E+00
1.00371576E+09; -6.82743628E+01;  0.00000000E+00
1.00378019E+09; -6.83480720E+01;  0.00000000E+00
1.00384462E+09; -6.80510224E+01;  0.00000000E+00
1.00390905E+09; -6.84424992E+01;  0.00000000E+00
1.00397349E+09; -6.91418241E+01;  0.00000000E+00
1.00403792E+09; -6.82501151E+01;  0.00000000E+00
1.00410235E+09; -6.76345893E+01;  0.00000000E+00
1.00416678E+09; -6.83835176E+01;  0.00000000E+00
1.00423122E+09; -6.84015077E+01;  0.00000000E+00
1.00429565E+09; -6.85561345E+01;  0.00000000E+00
1.00436008E+09; -6.81414871E+01;  0.00000000E+00
1.00442451E+09; -6.93719613E+01;  0.00000000E+00
1.00448894E+09; -6.83116983E+01;  0.00000000E+00
1.00455338E+09; -6.83521705E+01;  0.00000000E+00
1.00461781E+09; -6.77116247E+01;  0.00000000E+00
1.00468224E+09; -6.87701291E+01;  0.00000000E+00
1.00474667E+09; -6.90993746E+01;  0.00000000E+00
1.00481111E+09; -6.89731260E+01;  0.00000000E+00
1.00487554E+09; -6.78853451E+01;  0.00000000E+00
1.00493997E+09; -6.92203416E+01;  0.00000000E+00
1.00500440E+09; -6.85013203E+01;  0.00000000E+00
1.00506883E+09; -6.87779728E+01;  0.00000000E+00
1.00513327E+09; -6.85209460E+01;  0.00000000E+00
1.00519770E+09; -6.82828054E+01;  0.00000000E+00
1.00526213E+09; -6.80344637E+01;  0.00000000E+00
1.00532656E+09; -6.81477749E+01;  0.00000000E+00
1.00539100E+09; -6.89753194E+01;  0.00000000E+00
1.00545543E+09; -6.90852766E+01;  0.00000000E+00
1.00551986E+09; -6.92841483E+01;  0.00000000E+00
1.00558429E+09; -6.92730410E+01;  0.00000000E+00
1.00564872E+09; -6.83318817E+01;  0.00000000E+00
1.00571316E+09; -6.77966110E+01;  0.00000000E+00
1.00577759E+09; -6.88975117E+01;  0.00000000E+00
1.00584202E+09; -6.90263115E+01;  0.00000000E+00
1.00590645E+09; -6.87601420E+01;  0.00000000E+00
1.00597089E+09; -6.90691184E+01;  0.00000000E+00
1.00603532E+09; -6.89636425E+01;  0.00000000E+00
1.00609975E+09; -6.87422974E+01;  0.00000000E+00
1.00616418E+09; -6.84999318E+01;  0.00000000E+00
1.00622861E+09; -6.87562581E+01;  0.00000000E+00
1.00629305E+09; -6.87093988E+01;  0.00000000E+00
1.00635748E+09; -6.93317430E+01;  0.00000000E+00
1.00642191E+09; -6.82432966E+01;  0.00000000E+00
1.00648634E+09; -6.91534427E+01;  0.00000000E+00
1.00655078E+09; -6.89613702E+01;  0.00000000E+00
1.00661521E+09; -6.90236541E+01;  0.00000000E+00
1.00667964E+09; -6.86675845E+01;  0.00000000E+00
1.00674407E+09; -6.87812318E+01;  0.00000000E+00
1.00680850E+09; -6.84106016E+01;  0.00000000E+00
1.00687294E+09; -6.88604501E+01;  0.00000000E+00
1.00693737E+09; -6.87146670E+01;  0.00000000E+00
1.00700180E+09; -6.84443593E+01;  0.00000000E+00
1.00706623E+09; -6.85256292E+01;  0.00000000E+00
1.00713067E+09; -6.90797760E+01;  0.00000000E+00
1.00719510E+09; -6.91828118E+01;  0.00000000E+00
1.00725953E+09; -6.88700452E+01;  0.00000000E+00
1.00732396E+09; -6.91916559E+01;  0.00000000E+00
1.00738839E+09; -6.86446321E+01;  0.00000000E+00
1.00745283E+09; -6.86805189E+01;  0.00000000E+00
1.00751726E+09; -6.91432723E+01;  0.00000000E+00
1.00758169E+09; -6.92076832E+01;  0.00000000E+00
1.00764612E+09; -6.93192380E+01;  0.00000000E+00
1.00771056E+09; -6.91184834E+01;  0.00000000E+00
1.00777499E+09; -6.92252393E+01;  0.00000000E+00
1.00783942E+09; -6.93641930E+01;  0.00000000E+00
1.00790385E+09; -6.91819556E+01;  0.00000000E+00
1.00796828E+09; -6.91504381E+01;  0.00000000E+00
1.00803272E+09; -6.93979691E+01;  0.00000000E+00
1.00809715E+09; -6.89751296E+01;  0.00000000E+00
1.00816158E+09; -6.94216612E+01;  0.00000000E+00
1.00822601E+09; -6.85428587E+01;  0.00000000E+00
1.00829045E+09; -6.85944689E+01;  0.00000000E+00
1.00835488E+09; -6.87810976E+01;  0.00000000E+00
1.00841931E+09; -6.96287337E+01;  0.00000000E+00
1.00848374E+09; -6.88617784E+01;  0.00000000E+00
1.00854817E+09; -6.84234370E+01;  0.00000000E+00
1.00861261E+09; -6.87663366E+01;  0.00000000E+00
1.00867704E+09; -6.88188491E+01;  0.00000000E+00
1.00874147E+09; -6.86641427E+01;  0.00000000E+00
1.00880590E+09; -6.96466927E+01;  0.00000000E+00
1.00887034E+09; -6.92600036E+01;  0.00000000E+00
1.00893477E+09; -6.92576482E+01;  0.00000000E+00
1.00899920E+09; -6.91842098E+01;  0.00000000E+00
1.00906363E+09; -6.86692621E+01;  0.00000000E+00
1.00912806E+09; -6.91243408E+01;  0.00000000E+00
1.00919250E+09; -6.86136042E+01;  0.00000000E+00
1.00925693E+09; -6.85111200E+01;  0.00000000E+00
1.00932136E+09; -6.89710936E+01;  0.00000000E+00
1.00938579E+09; -6.92781087E+01;  0.00000000E+00
1.00945023E+09; -6.94428173E+01;  0.00000000E+00
1.00951466E+09; -6.94033202E+01;  0.00000000E+00
1.00957909E+09; -6.87519435E+01;  0.00000000E+00
1.00964352E+09; -6.87042287E+01;  0.00000000E+00
1.00970795E+09; -6.86122551E+01;  0.00000000E+00
1.00977239E+09; -6.92440144E+01;  0.00000000E+00
1.00983682E+09; -6.92461914E+01;  0.00000000E+00
1.00990125E+09; -6.97957927E+01;  0.00000000E+00
1.00996568E+09; -6.90962889E+01;  0.00000000E+00
1.01003012E+09; -6.94637609E+01;  0.00000000E+00
1.01009455E+09; -6.89798093E+01;  0.00000000E+00
1.01015898E+09; -6.96248151E+01;  0.00000000E+00
1.01022341E+09; -6.90669207E+01;  0.00000000E+00
1.01028784E+09; -6.90892896E+01;  0.00000000E+00
1.01035228E+09; -6.90607304E+01;  0.00000000E+00
1.01041671E+09; -6.92319919E+01;  0.00000000E+00
1.01048114E+09; -6.93168783E+01;  0.00000000E+00
1.01054557E+09; -6.92679122E+01;  0.00000000E+00
1.01061001E+09; -6.90568508E+01;  0.00000000E+00
1.01067444E+09; -6.96768395E+01;  0.00000000E+00
1.01073887E+09; -6.89248527E+01;  0.00000000E+00
1.01080330E+09; -6.96045967E+01;  0.00000000E+00
1.01086773E+09; -6.92564842E+01;  0.00000000E+00
1.01093217E+09; -6.90733907E+01;  0.00000000E+00
1.01099660E+09; -6.90281337E+01;  0.00000000E+00
1.01106103E+09; -6.94889647E+01;  0.00000000E+00
1.01112546E+09; -6.86417815E+01;  0.00000000E+00
1.01118989E+09; -6.94881329E+01;  0.00000000E+00
1.01125433E+09; -6.91681048E+01;  0.00000000E+00
1.01131876E+09; -6.92096976E+01;  0.00000000E+00
1.01138319E+09; -6.96388024E+01;  0.00000000E+00
1.01144762E+09; -6.89722623E+01;  0.00000000E+00
1.01151206E+09; -6.92568338E+01;  0.00000000E+00
1.01157649E+09; -6.94537727E+01;  0.00000000E+00
1.01164092E+09; -6.91627598E+01;  0.00000000E+00
1.01170535E+09; -7.01991213E+01;  0.00000000E+00
1.01176978E+09; -6.91691367E+01;  0.00000000E+00
1.01183422E+09; -6.92803051E+01;  0.00000000E+00
1.01189865E+09; -6.87519058E+01;  0.00000000E+00
1.01196308E+09; -6.94451015E+01;  0.00000000E+00
1.01202751E+09; -6.95988173E+01;  0.00000000E+00
1.01209195E+09; -6.92036833E+01;  0.00000000E+00
1.01215638E+09; -6.95881603E+01;  0.00000000E+00
1.01222081E+09; -6.91642881E+01;  0.00000000E+00
1.01228524E+09; -6.93647527E+01;  0.00000000E+00
1.01234967E+09; -6.92897485E+01;  0.00000000E+00
1.01241411E+09; -6.97334196E+01;  0.00000000E+00
1.01247854E+09; -6.93777843E+01;  0.00000000E+00
1.01254297E+09; -6.98702865E+01;  0.00000000E+00
1.01260740E+09; -7.02212959E+01;  0.00000000E+00
1.01267184E+09; -6.88389359E+01;  0.00000000E+00
1.01273627E+09; -6.91694024E+01;  0.00000000E+00
1.01280070E+09; -6.89783303E+01;  0.00000000E+00
1.01286513E+09; -6.87324788E+01;  0.00000000E+00
1.01292956E+09; -6.90308710E+01;  0.00000000E+00
1.01299400E+09; -6.93522413E+01;  0.00000000E+00
1.01305843E+09; -6.93864908E+01;  0.00000000E+00
1.01312286E+09; -6.99315819E+01;  0.00000000E+00
1.01318729E+09; -6.91840844E+01;  0.00000000E+00
1.01325173E+09; -6.92342640E+01;  0.00000000E+00
1.01331616E+09; -6.98264973E+01;  0.00000000E+00
1.01338059E+09; -6.94226751E+01;  0.00000000E+00
1.01344502E+09; -6.97035825E+01;  0.00000000E+00
1.01350945E+09; -6.93812309E+01;  0.00000000E+00
1.01357389E+09; -6.89434975E+01;  0.00000000E+00
1.01363832E+09; -6.97318097E+01;  0.00000000E+00
1.01370275E+09; -6.87864868E+01;  0.00000000E+00
1.01376718E+09; -6.97185536E+01;  0.00000000E+00
1.01383162E+09; -7.00432279E+01;  0.00000000E+00
1.01389605E+09; -6.93590491E+01;  0.00000000E+00
1.01396048E+09; -7.02049738E+01;  0.00000000E+00
1.01402491E+09; -6.94120137E+01;  0.00000000E+00
1.01408934E+09; -6.98281103E+01;  0.00000000E+00
1.01415378E+09; -6.93669979E+01;  0.00000000E+00
1.01421821E+09; -6.92179704E+01;  0.00000000E+00
1.01428264E+09; -6.95964897E+01;  0.00000000E+00
1.01434707E+09; -6.95249330E+01;  0.00000000E+00
1.01441151E+09; -6.92533006E+01;  0.00000000E+00
1.01447594E+09; -6.95118063E+01;  0.00000000E+00
1.01454037E+09; -7.03698229E+01;  0.00000000E+00
1.01460480E+09; -7.01350205E+01;  0.00000000E+00
1.01466923E+09; -6.93757188E+01;  0.00000000E+00
1.01473367E+09; -7.00702556E+01;  0.00000000E+00
1.01479810E+09; -6.88179671E+01;  0.00000000E+00
1.01486253E+09; -6.90962780E+01;  0.00000000E+00
1.01492696E+09; -6.97517113E+01;  0.00000000E+00
1.01499140E+09; -6.95026065E+01;  0.00000000E+00
1.01505583E+09; -6.91773522E+01;  0.00000000E+00
1.01512026E+09; -6.97014127E+01;  0.00000000E+00
1.01518469E+09; -6.90851558E+01;  0.00000000E+00
1.01524912E+09; -6.95101954E+01;  0.00000000E+00
1.01531356E+09; -6.96289249E+01;  0.00000000E+00
1.01537799E+09; -6.94249926E+01;  0.00000000E+00
1.01544242E+09; -7.02543348E+01;  0.00000000E+00
1.01550685E+09; -7.01592453E+01;  0.00000000E+00
1.01557129E+09; -6.96844176E+01;  0.00000000E+00
1.01563572E+09; -6.90856838E+01;  0.00000000E+00
1.01570015E+09; -6.96165869E+01;  0.00000000E+00
1.01576458E+09; -6.93552626E+01;  0.00000000E+00
1.01582901E+09; -7.00869018E+01;  0.00000000E+00
1.01589345E+09; -6.96870311E+01;  0.00000000E+00
1.01595788E+09; -6.99289841E+01;  0.00000000E+00
1.01602231E+09; -7.04006640E+01;  0.00000000E+00
1.01608674E+09; -6.94881779E+01;  0.00000000E+00
1.01615118E+09; -7.05329989E+01;  0.00000000E+00
1.01621561E+09; -7.01645636E+01;  0.00000000E+00
1.01628004E+09; -6.99660929E+01;  0.00000000E+00
1.01634447E+09; -6.99431778E+01;  0.00000000E+00
1.01640890E+09; -7.02394488E+01;  0.00000000E+00
1.01647334E+09; -6.94404031E+01;  0.00000000E+00
1.01653777E+09; -7.02597576E+01;  0.00000000E+00
1.01660220E+09; -7.04165305E+01;  0.00000000E+00
1.01666663E+09; -6.92635217E+01;  0.00000000E+00
1.01673107E+09; -6.91258941E+01;  0.00000000E+00
1.01679550E+09; -7.00691741E+01;  0.00000000E+00
1.01685993E+09; -6.96125559E+01;  0.00000000E+00
1.01692436E+09; -6.96982909E+01;  0.00000000E+00
1.01698879E+09; -6.97082232E+01;  0.00000000E+00
1.01705323E+09; -6.91153922E+01;  0.00000000E+00
1.01711766E+09; -7.00041677E+01;  0.00000000E+00
1.01718209E+09; -6.93780151E+01;  0.00000000E+00
1.01724652E+09; -7.03350120E+01;  0.00000000E+00
1.01731096E+09; -7.02607839E+01;  0.00000000E+00
1.01737539E+09; -7.02136171E+01;  0.00000000E+00
1.01743982E+09; -7.08001010E+01;  0.00000000E+00
1.01750425E+09; -6.95468289E+01;  0.00000000E+00
1.01756868E+09; -6.98103149E+01;  0.00000000E+00
1.01763312E+09; -6.99494278E+01;  0.00000000E+00
1.01769755E+09; -6.93923701E+01;  0.00000000E+00
1.01776198E+09; -6.98119943E+01;  0.00000000E+00
1.01782641E+09; -6.91666024E+01;  0.00000000E+00
1.01789085E+09; -6.96714629E+01;  0.00000000E+00
1.01795528E+09; -7.06640506E+01;  0.00000000E+00
1.01801971E+09; -6.99426623E+01;  0.00000000E+00
1.01808414E+09; -7.02690280E+01;  0.00000000E+00
1.01814857E+09; -7.01421939E+01;  0.00000000E+00
1.01821301E+09; -6.94348118E+01;  0.00000000E+00
1.01827744E+09; -6.85255698E+01;  0.00000000E+00
1.01834187E+09; -6.95631063E+01;  0.00000000E+00
1.01840630E+09; -6.98392977E+01;  0.00000000E+00
1.01847074E+09; -7.00868961E+01;  0.00000000E+00
1.01853517E+09; -7.00909760E+01;  0.00000000E+00
1.01859960E+09; -7.04647980E+01;  0.00000000E+00
1.01866403E+09; -6.95427870E+01;  0.00000000E+00
1.01872846E+09; -7.07449766E+01;  0.00000000E+00
1.01879290E+09; -6.97236441E+01;  0.00000000E+00
1.01885733E+09; -6.88011973E+01;  0.00000000E+00
1.01892176E+09; -7.01252121E+01;  0.00000000E+00
1.01898619E+09; -6.99811205E+01;  0.00000000E+00
1.01905063E+09; -6.98867034E+01;  0.00000000E+00
1.01911506E+09; -6.93009586E+01;  0.00000000E+00
1.01917949E+09; -6.94476324E+01;  0.00000000E+00
1.01924392E+09; -7.02837258E+01;  0.00000000E+00
1.01930835E+09; -7.00326777E+01;  0.00000000E+00
1.01937279E+09; -7.07907372E+01;  0.00000000E+00
1.01943722E+09; -6.95097670E+01;  0.00000000E+00
1.01950165E+09; -6.98570130E+01;  0.00000000E+00
1.01956608E+09; -6.99788231E+01;  0.00000000E+00
1.01963052E+09; -6.97838221E+01;  0.00000000E+00
1.01969495E+09; -6.97878324E+01;  0.00000000E+00
1.01975938E+09; -6.99685526E+01;  0.00000000E+00
1.01982381E+09; -6.94630900E+01;  0.00000000E+00
1.01988824E+09; -6.94940533E+01;  0.00000000E+00
1.01995268E+09; -7.02175352E+01;  0.00000000E+00
1.02001711E+09; -6.96894911E+01;  0.00000000E+00
1.02008154E+09; -6.94401210E+01;  0.00000000E+00
1.02014597E+09; -7.06067701E+01;  0.00000000E+00
1.02021041E+09; -7.04083593E+01;  0.00000000E+00
1.02027484E+09; -7.09710356E+01;  0.00000000E+00
1.02033927E+09; -6.95439183E+01;  0.00000000E+00
1.02040370E+09; -7.00041908E+01;  0.00000000E+00
1.02046813E+09; -6.95313228E+01;  0.00000000E+00
1.02053257E+09; -7.05589062E+01;  0.00000000E+00
1.02059700E+09; -6.98707878E+01;  0.00000000E+00
1.02066143E+09; -6.93756400E+01;  0.00000000E+00
1.02072586E+09; -6.96484412E+01;  0.00000000E+00
1.02079030E+09; -7.00806022E+01;  0.00000000E+00
1.02085473E+09; -7.05853204E+01;  0.00000000E+00
1.02091916E+09; -7.03613147E+01;  0.00000000E+00
1.02098359E+09; -6.98432695E+01;  0.00000000E+00
1.02104802E+09; -7.02827554E+01;  0.00000000E+00
1.02111246E+09; -7.12625447E+01;  0.00000000E+00
1.02117689E+09; -6.98425690E+01;  0.00000000E+00
1.02124132E+09; -6.97431054E+01;  0.00000000E+00
1.02130575E+09; -6.94148855E+01;  0.00000000E+00
1.02137019E+09; -7.00990015E+01;  0.00000000E+00
1.02143462E+09; -7.08952225E+01;  0.00000000E+00
1.02149905E+09; -7.05888243E+01;  0.00000000E+00
1.02156348E+09; -6.97114719E+01;  0.00000000E+00
1.02162791E+09; -7.02880353E+01;  0.00000000E+00
1.02169235E+09; -7.01357835E+01;  0.00000000E+00
1.02175678E+09; -7.04574350E+01;  0.00000000E+00
1.02182121E+09; -7.01077748E+01;  0.00000000E+00
1.02188564E+09; -6.99594737E+01;  0.00000000E+00
1.02195008E+09; -7.03721114E+01;  0.00000000E+00
1.02201451E+09; -6.99601717E+01;  0.00000000E+00
1.02207894E+09; -7.08903938E+01;  0.00000000E+00
1.02214337E+09; -7.11011856E+01;  0.00000000E+00
1.02220780E+09; -6.96445181E+01;  0.00000000E+00
1.02227224E+09; -7.05709738E+01;  0.00000000E+00
1.02233667E+09; -7.11007614E+01;  0.00000000E+00
1.02240110E+09; -6.99289333E+01;  0.00000000E+00
1.02246553E+09; -6.97643831E+01;  0.00000000E+00
1.02252997E+09; -7.08643267E+01;  0.00000000E+00
1.02259440E+09; -7.02731087E+01;  0.00000000E+00
1.02265883E+09; -7.02684457E+01;  0.00000000E+00
1.02272326E+09; -7.03220609E+01;  0.00000000E+00
1.02278769E+09; -7.02227608E+01;  0.00000000E+00
1.02285213E+09; -6.95585658E+01;  0.00000000E+00
1.02291656E+09; -6.95482610E+01;  0.00000000E+00
1.02298099E+09; -7.02093159E+01;  0.00000000E+00
1.02304542E+09; -6.99057444E+01;  0.00000000E+00
1.02310985E+09; -6.94905846E+01;  0.00000000E+00
1.02317429E+09; -6.99265810E+01;  0.00000000E+00
1.02323872E+09; -7.08902255E+01;  0.00000000E+00
1.02330315E+09; -7.02905561E+01;  0.00000000E+00
1.02336758E+09; -7.00112674E+01;  0.00000000E+00
1.02343202E+09; -7.07211407E+01;  0.00000000E+00
1.02349645E+09; -7.04642375E+01;  0.00000000E+00
1.02356088E+09; -6.99794062E+01;  0.00000000E+00
1.02362531E+09; -6.93369307E+01;  0.00000000E+00
1.02368974E+09; -6.98605158E+01;  0.00000000E+00
1.02375418E+09; -6.93556294E+01;  0.00000000E+00
1.02381861E+09; -7.00537660E+01;  0.00000000E+00
1.02388304E+09; -7.01958108E+01;  0.00000000E+00
1.02394747E+09; -6.97316945E+01;  0.00000000E+00
1.02401191E+09; -7.02393787E+01;  0.00000000E+00
1.02407634E+09; -7.06761262E+01;  0.00000000E+00
1.02414077E+09; -7.00560127E+01;  0.00000000E+00
1.02420520E+09; -7.07955786E+01;  0.00000000E+00
1.02426963E+09; -7.02448580E+01;  0.00000000E+00
1.02433407E+09; -7.01112016E+01;  0.00000000E+00
1.02439850E+09; -7.01331305E+01;  0.00000000E+00
1.02446293E+09; -7.00516927E+01;  0.00000000E+00
1.02452736E+09; -7.10096725E+01;  0.00000000E+00
1.02459180E+09; -7.06112249E+01;  0.00000000E+00
1.02465623E+09; -7.07241677E+01;  0.00000000E+00
1.02472066E+09; -7.02952380E+01;  0.00000000E+00
1.02478509E+09; -7.09637291E+01;  0.00000000E+00
1.02484952E+09; -7.02512057E+01;  0.00000000E+00
1.02491396E+09; -7.05534955E+01;  0.00000000E+00
1.02497839E+09; -7.09897902E+01;  0.00000000E+00
1.02504282E+09; -7.04242556E+01;  0.00000000E+00
1.02510725E+09; -7.00263016E+01;  0.00000000E+00
1.02517169E+09; -6.96436696E+01;  0.00000000E+00
1.02523612E+09; -6.98977234E+01;  0.00000000E+00
1.02530055E+09; -6.98401139E+01;  0.00000000E+00
1.02536498E+09; -6.98467614E+01;  0.00000000E+00
1.02542941E+09; -7.05682797E+01;  0.00000000E+00
1.02549385E+09; -7.04081838E+01;  0.00000000E+00
1.02555828E+09; -7.09066906E+01;  0.00000000E+00
1.02562271E+09; -7.06049265E+01;  0.00000000E+00
1.02568714E+09; -7.10762361E+01;  0.00000000E+00
1.02575158E+09; -7.04817708E+01;  0.00000000E+00
1.02581601E+09; -7.07175829E+01;  0.00000000E+00
1.02588044E+09; -7.03205276E+01;  0.00000000E+00
1.02594487E+09; -7.03019708E+01;  0.00000000E+00
1.02600930E+09; -7.00257041E+01;  0.00000000E+00
1.02607374E+09; -6.98758885E+01;  0.00000000E+00
1.02613817E+09; -7.07231031E+01;  0.00000000E+00
1.02620260E+09; -7.05902992E+01;  0.00000000E+00
1.02626703E+09; -6.99721838E+01;  0.00000000E+00
1.02633147E+09; -7.07061931E+01;  0.00000000E+00
1.02639590E+09; -7.03755923E+01;  0.00000000E+00
1.02646033E+09; -7.03689337E+01;  0.00000000E+00
1.02652476E+09; -7.11044366E+01;  0.00000000E+00
1.02658919E+09; -6.99955690E+01;  0.00000000E+00
1.02665363E+09; -7.00497303E+01;  0.00000000E+00
1.02671806E+09; -7.09104266E+01;  0.00000000E+00
1.02678249E+09; -7.04219449E+01;  0.00000000E+00
1.02684692E+09; -7.02729549E+01;  0.00000000E+00
1.02691136E+09; -6.99432596E+01;  0.00000000E+00
1.02697579E+09; -7.07561737E+01;  0.00000000E+00
1.02704022E+09; -6.99512214E+01;  0.00000000E+00
1.02710465E+09; -7.06956746E+01;  0.00000000E+00
1.02716908E+09; -7.14340130E+01;  0.00000000E+00
1.02723352E+09; -7.00047789E+01;  0.00000000E+00
1.02729795E+09; -7.03215888E+01;  0.00000000E+00
1.02736238E+09; -7.07779646E+01;  0.00000000E+00
1.02742681E+09; -7.10531616E+01;  0.00000000E+00
1.02749125E+09; -6.98941336E+01;  0.00000000E+00
1.02755568E+09; -7.01491756E+01;  0.00000000E+00
1.02762011E+09; -7.03196162E+01;  0.00000000E+00
1.02768454E+09; -7.05105887E+01;  0.00000000E+00
1.02774897E+09; -7.06131987E+01;  0.00000000E+00
1.02781341E+09; -7.10518803E+01;  0.00000000E+00
1.02787784E+09; -7.03005190E+01;  0.00000000E+00
1.02794227E+09; -7.07879032E+01;  0.00000000E+00
1.02800670E+09; -6.97588807E+01;  0.00000000E+00
1.02807114E+09; -7.03683213E+01;  0.00000000E+00
1.02813557E+09; -7.04150729E+01;  0.00000000E+00
1.02820000E+09; -7.12465298E+01;  0.00000000E+00
