3.00000000E+05,  4.38484174E+00,  0.00000000E+00
9.50175100E+05,  2.35519819E+00,  0.00000000E+00
1.60035020E+06,  2.30552363E+00,  0.00000000E+00
2.25052530E+06,  2.20149420E+00,  0.00000000E+00
2.90070040E+06,  2.24107773E+00,  0.00000000E+00
3.55087540E+06,  2.16496027E+00,  0.00000000E+00
4.20105050E+06,  2.16487511E+00,  0.00000000E+00
4.85122560E+06,  2.15406107E+00,  0.00000000E+00
5.50140070E+06,  2.14662166E+00,  0.00000000E+00
6.15157580E+06,  2.13875600E+00,  0.00000000E+00
6.80175090E+06,  2.11667562E+00,  0.00000000E+00
7.45192600E+06,  2.09078337E+00,  0.00000000E+00
8.10210110E+06,  2.09065212E+00,  0.00000000E+00
8.75227610E+06,  2.07552794E+00,  0.00000000E+00
9.40245120E+06,  2.04936662E+00,  0.00000000E+00
1.00526263E+07,  2.02047198E+00,  0.00000000E+00
1.07028014E+07,  2.01006303E+00,  0.00000000E+00
1.13529765E+07,  1.99021519E+00,  0.00000000E+00
1.20031516E+07,  1.96549323E+00,  0.00000000E+00
1.26533267E+07,  1.94097997E+00,  0.00000000E+00
1.33035018E+07,  1.92432982E+00,  0.00000000E+00
1.39536768E+07,  1.89949075E+00,  0.00000000E+00
1.46038519E+07,  1.87909395E+00,  0.00000000E+00
1.52540270E+07,  1.84740235E+00,  0.00000000E+00
1.59042021E+07,  1.83031400E+00,  0.00000000E+00
1.65543772E+07,  1.80183886E+00,  0.00000000E+00
1.72045523E+07,  1.78289645E+00,  0.00000000E+00
1.78547274E+07,  1.75630902E+00,  0.00000000E+00
1.85049025E+07,  1.73465176E+00,  0.00000000E+00
1.91550775E+07,  1.71289650E+00,  0.00000000E+00
1.98052526E+07,  1.68820268E+00,  0.00000000E+00
2.04554277E+07,  1.66548474E+00,  0.00000000E+00
2.11056028E+07,  1.64274733E+00,  0.00000000E+00
2.17557779E+07,  1.62588024E+00,  0.00000000E+00
2.24059530E+07,  1.60257146E+00,  0.00000000E+00
2.30561281E+07,  1.58430297E+00,  0.00000000E+00
2.37063032E+07,  1.56362307E+00,  0.00000000E+00
2.43564782E+07,  1.54417453E+00,  0.00000000E+00
2.50066533E+07,  1.53122923E+00,  0.00000000E+00
2.56568284E+07,  1.51508155E+00,  0.00000000E+00
2.63070035E+07,  1.49323096E+00,  0.00000000E+00
2.69571786E+07,  1.48022806E+00,  0.00000000E+00
2.76073537E+07,  1.46571875E+00,  0.00000000E+00
2.82575288E+07,  1.45463200E+00,  0.00000000E+00
2.89077039E+07,  1.44428596E+00,  0.00000000E+00
2.95578789E+07,  1.43385525E+00,  0.00000000E+00
3.02080540E+07,  1.42260403E+00,  0.00000000E+00
3.08582291E+07,  1.41947798E+00,  0.00000000E+00
3.15084042E+07,  1.40944388E+00,  0.00000000E+00
3.21585793E+07,  1.40305164E+00,  0.00000000E+00
3.28087544E+07,  1.40162527E+00,  0.00000000E+00
3.34589295E+07,  1.39517918E+00,  0.00000000E+00
3.41091046E+07,  1.39524968E+00,  0.00000000E+00
3.47592796E+07,  1.39388846E+00,  0.00000000E+00
3.54094547E+07,  1.39552892E+00,  0.00000000E+00
3.60596298E+07,  1.39887733E+00,  0.00000000E+00
3.67098049E+07,  1.40108431E+00,  0.00000000E+00
3.73599800E+07,  1.40602234E+00,  0.00000000E+00
3.80101551E+07,  1.41082243E+00,  0.00000000E+00
3.86603302E+07,  1.41902265E+00,  0.00000000E+00
3.93105053E+07,  1.42512265E+00,  0.00000000E+00
3.99606803E+07,  1.43337592E+00,  0.00000000E+00
4.06108554E+07,  1.44293160E+00,  0.00000000E+00
4.12610305E+07,  1.45716876E+00,  0.00000000E+00
4.19112056E+07,  1.46556481E+00,  0.00000000E+00
4.25613807E+07,  1.48329907E+00,  0.00000000E+00
4.32115558E+07,  1.49469905E+00,  0.00000000E+00
4.38617309E+07,  1.50711702E+00,  0.00000000E+00
4.45119060E+07,  1.52311952E+00,  0.00000000E+00
4.51620810E+07,  1.53931190E+00,  0.00000000E+00
4.58122561E+07,  1.55496084E+00,  0.00000000E+00
4.64624312E+07,  1.57282383E+00,  0.00000000E+00
4.71126063E+07,  1.59065896E+00,  0.00000000E+00
4.77627814E+07,  1.61027384E+00,  0.00000000E+00
4.84129565E+07,  1.62772540E+00,  0.00000000E+00
4.90631316E+07,  1.64447280E+00,  0.00000000E+00
4.97133067E+07,  1.66698162E+00,  0.00000000E+00
5.03634817E+07,  1.68580866E+00,  0.00000000E+00
5.10136568E+07,  1.70657615E+00,  0.00000000E+00
5.16638319E+07,  1.72869962E+00,  0.00000000E+00
5.23140070E+07,  1.74627992E+00,  0.00000000E+00
5.29641821E+07,  1.76740611E+00,  0.00000000E+00
5.36143572E+07,  1.78827748E+00,  0.00000000E+00
5.42645323E+07,  1.80933380E+00,  0.00000000E+00
5.49147074E+07,  1.82932485E+00,  0.00000000E+00
5.55648824E+07,  1.84812271E+00,  0.00000000E+00
5.62150575E+07,  1.86985162E+00,  0.00000000E+00
5.68652326E+07,  1.88631104E+00,  0.00000000E+00
5.75154077E+07,  1.90482414E+00,  0.00000000E+00
5.81655828E+07,  1.92583019E+00,  0.00000000E+00
5.88157579E+07,  1.94445959E+00,  0.00000000E+00
5.94659330E+07,  1.96069529E+00,  0.00000000E+00
6.01161081E+07,  1.97926058E+00,  0.00000000E+00
6.07662831E+07,  1.99666755E+00,  0.00000000E+00
6.14164582E+07,  2.01305303E+00,  0.00000000E+00
6.20666333E+07,  2.02881042E+00,  0.00000000E+00
6.27168084E+07,  2.04450599E+00,  0.00000000E+00
6.33669835E+07,  2.05930743E+00,  0.00000000E+00
6.40171586E+07,  2.07369324E+00,  0.00000000E+00
6.46673337E+07,  2.08668196E+00,  0.00000000E+00
6.53175088E+07,  2.10003005E+00,  0.00000000E+00
6.59676838E+07,  2.11265145E+00,  0.00000000E+00
6.66178589E+07,  2.12269716E+00,  0.00000000E+00
6.72680340E+07,  2.13295592E+00,  0.00000000E+00
6.79182091E+07,  2.14484430E+00,  0.00000000E+00
6.85683842E+07,  2.15289636E+00,  0.00000000E+00
6.92185593E+07,  2.16206190E+00,  0.00000000E+00
6.98687344E+07,  2.17060317E+00,  0.00000000E+00
7.05189095E+07,  2.17881506E+00,  0.00000000E+00
7.11690845E+07,  2.18575827E+00,  0.00000000E+00
7.18192596E+07,  2.19386304E+00,  0.00000000E+00
7.24694347E+07,  2.19884455E+00,  0.00000000E+00
7.31196098E+07,  2.20482827E+00,  0.00000000E+00
7.37697849E+07,  2.21004089E+00,  0.00000000E+00
7.44199600E+07,  2.21585915E+00,  0.00000000E+00
7.50701351E+07,  2.22021320E+00,  0.00000000E+00
7.57203102E+07,  2.22527785E+00,  0.00000000E+00
7.63704852E+07,  2.22808646E+00,  0.00000000E+00
7.70206603E+07,  2.23101558E+00,  0.00000000E+00
7.76708354E+07,  2.23587112E+00,  0.00000000E+00
7.83210105E+07,  2.23915281E+00,  0.00000000E+00
7.89711856E+07,  2.24263610E+00,  0.00000000E+00
7.96213607E+07,  2.24579501E+00,  0.00000000E+00
8.02715358E+07,  2.24923235E+00,  0.00000000E+00
8.09217109E+07,  2.25523575E+00,  0.00000000E+00
8.15718859E+07,  2.25701568E+00,  0.00000000E+00
8.22220610E+07,  2.25832645E+00,  0.00000000E+00
8.28722361E+07,  2.26440746E+00,  0.00000000E+00
8.35224112E+07,  2.26853260E+00,  0.00000000E+00
8.41725863E+07,  2.27158446E+00,  0.00000000E+00
8.48227614E+07,  2.27791340E+00,  0.00000000E+00
8.54729365E+07,  2.28029492E+00,  0.00000000E+00
8.61231116E+07,  2.28542281E+00,  0.00000000E+00
8.67732866E+07,  2.29108547E+00,  0.00000000E+00
8.74234617E+07,  2.29790890E+00,  0.00000000E+00
8.80736368E+07,  2.30243314E+00,  0.00000000E+00
8.87238119E+07,  2.30806169E+00,  0.00000000E+00
8.93739870E+07,  2.31388853E+00,  0.00000000E+00
9.00241621E+07,  2.32238390E+00,  0.00000000E+00
9.06743372E+07,  2.32848143E+00,  0.00000000E+00
9.13245123E+07,  2.33792257E+00,  0.00000000E+00
9.19746873E+07,  2.34399948E+00,  0.00000000E+00
9.26248624E+07,  2.35260341E+00,  0.00000000E+00
9.32750375E+07,  2.36273755E+00,  0.00000000E+00
9.39252126E+07,  2.36925341E+00,  0.00000000E+00
9.45753877E+07,  2.37634541E+00,  0.00000000E+00
9.52255628E+07,  2.38473203E+00,  0.00000000E+00
9.58757379E+07,  2.39380342E+00,  0.00000000E+00
9.65259130E+07,  2.40391222E+00,  0.00000000E+00
9.71760880E+07,  2.41113046E+00,  0.00000000E+00
9.78262631E+07,  2.41887933E+00,  0.00000000E+00
9.84764382E+07,  2.42708536E+00,  0.00000000E+00
9.91266133E+07,  2.43405064E+00,  0.00000000E+00
9.97767884E+07,  2.44090219E+00,  0.00000000E+00
1.00426964E+08,  2.44829995E+00,  0.00000000E+00
1.01077139E+08,  2.45496107E+00,  0.00000000E+00
1.01727314E+08,  2.45801597E+00,  0.00000000E+00
1.02377489E+08,  2.46513618E+00,  0.00000000E+00
1.03027664E+08,  2.46749338E+00,  0.00000000E+00
1.03677839E+08,  2.47098934E+00,  0.00000000E+00
1.04328014E+08,  2.47424526E+00,  0.00000000E+00
1.04978189E+08,  2.47511440E+00,  0.00000000E+00
1.05628364E+08,  2.47551522E+00,  0.00000000E+00
1.06278539E+08,  2.47417356E+00,  0.00000000E+00
1.06928714E+08,  2.47168308E+00,  0.00000000E+00
1.07578889E+08,  2.46874165E+00,  0.00000000E+00
1.08229065E+08,  2.46381286E+00,  0.00000000E+00
1.08879240E+08,  2.45828172E+00,  0.00000000E+00
1.09529415E+08,  2.45138566E+00,  0.00000000E+00
1.10179590E+08,  2.44131361E+00,  0.00000000E+00
1.10829765E+08,  2.43078661E+00,  0.00000000E+00
1.11479940E+08,  2.41980292E+00,  0.00000000E+00
1.12130115E+08,  2.40460758E+00,  0.00000000E+00
1.12780290E+08,  2.38894240E+00,  0.00000000E+00
1.13430465E+08,  2.37042881E+00,  0.00000000E+00
1.14080640E+08,  2.35396793E+00,  0.00000000E+00
1.14730815E+08,  2.33132360E+00,  0.00000000E+00
1.15380991E+08,  2.31046983E+00,  0.00000000E+00
1.16031166E+08,  2.28631760E+00,  0.00000000E+00
1.16681341E+08,  2.25960243E+00,  0.00000000E+00
1.17331516E+08,  2.23329059E+00,  0.00000000E+00
1.17981691E+08,  2.20397564E+00,  0.00000000E+00
1.18631866E+08,  2.17448663E+00,  0.00000000E+00
1.19282041E+08,  2.14216995E+00,  0.00000000E+00
1.19932216E+08,  2.11021136E+00,  0.00000000E+00
1.20582391E+08,  2.07643415E+00,  0.00000000E+00
1.21232566E+08,  2.03953222E+00,  0.00000000E+00
1.21882741E+08,  2.00304267E+00,  0.00000000E+00
1.22532917E+08,  1.96602424E+00,  0.00000000E+00
1.23183092E+08,  1.92708776E+00,  0.00000000E+00
1.23833267E+08,  1.88705030E+00,  0.00000000E+00
1.24483442E+08,  1.84672174E+00,  0.00000000E+00
1.25133617E+08,  1.80604720E+00,  0.00000000E+00
1.25783792E+08,  1.76423409E+00,  0.00000000E+00
1.26433967E+08,  1.72149230E+00,  0.00000000E+00
1.27084142E+08,  1.67838930E+00,  0.00000000E+00
1.27734317E+08,  1.63541979E+00,  0.00000000E+00
1.28384492E+08,  1.59146312E+00,  0.00000000E+00
1.29034667E+08,  1.54833958E+00,  0.00000000E+00
1.29684842E+08,  1.50285020E+00,  0.00000000E+00
1.30335018E+08,  1.45878722E+00,  0.00000000E+00
1.30985193E+08,  1.41301549E+00,  0.00000000E+00
1.31635368E+08,  1.36988116E+00,  0.00000000E+00
1.32285543E+08,  1.32543149E+00,  0.00000000E+00
1.32935718E+08,  1.28106785E+00,  0.00000000E+00
1.33585893E+08,  1.23830548E+00,  0.00000000E+00
1.34236068E+08,  1.19434569E+00,  0.00000000E+00
1.34886243E+08,  1.15084462E+00,  0.00000000E+00
1.35536418E+08,  1.10908969E+00,  0.00000000E+00
1.36186593E+08,  1.06706033E+00,  0.00000000E+00
1.36836768E+08,  1.02483330E+00,  0.00000000E+00
1.37486944E+08,  9.85663659E-01,  0.00000000E+00
1.38137119E+08,  9.44770715E-01,  0.00000000E+00
1.38787294E+08,  9.06378636E-01,  0.00000000E+00
1.39437469E+08,  8.66158023E-01,  0.00000000E+00
1.40087644E+08,  8.30337795E-01,  0.00000000E+00
1.40737819E+08,  7.93033936E-01,  0.00000000E+00
1.41387994E+08,  7.56656201E-01,  0.00000000E+00
1.42038169E+08,  7.22122403E-01,  0.00000000E+00
1.42688344E+08,  6.88016324E-01,  0.00000000E+00
1.43338519E+08,  6.55560836E-01,  0.00000000E+00
1.43988694E+08,  6.22837815E-01,  0.00000000E+00
1.44638869E+08,  5.92208531E-01,  0.00000000E+00
1.45289045E+08,  5.61963724E-01,  0.00000000E+00
1.45939220E+08,  5.34010398E-01,  0.00000000E+00
1.46589395E+08,  5.05841768E-01,  0.00000000E+00
1.47239570E+08,  4.79334282E-01,  0.00000000E+00
1.47889745E+08,  4.53011333E-01,  0.00000000E+00
1.48539920E+08,  4.28074910E-01,  0.00000000E+00
1.49190095E+08,  4.04213930E-01,  0.00000000E+00
1.49840270E+08,  3.82186988E-01,  0.00000000E+00
1.50490445E+08,  3.61365078E-01,  0.00000000E+00
1.51140620E+08,  3.41199217E-01,  0.00000000E+00
1.51790795E+08,  3.20805283E-01,  0.00000000E+00
1.52440971E+08,  3.01492672E-01,  0.00000000E+00
1.53091146E+08,  2.84033110E-01,  0.00000000E+00
1.53741321E+08,  2.69855754E-01,  0.00000000E+00
1.54391496E+08,  2.52342247E-01,  0.00000000E+00
1.55041671E+08,  2.38772060E-01,  0.00000000E+00
1.55691846E+08,  2.24893397E-01,  0.00000000E+00
1.56342021E+08,  2.13018873E-01,  0.00000000E+00
1.56992196E+08,  2.00660921E-01,  0.00000000E+00
1.57642371E+08,  1.91022990E-01,  0.00000000E+00
1.58292546E+08,  1.81495571E-01,  0.00000000E+00
1.58942721E+08,  1.71324792E-01,  0.00000000E+00
1.59592896E+08,  1.63542933E-01,  0.00000000E+00
1.60243072E+08,  1.55878166E-01,  0.00000000E+00
1.60893247E+08,  1.48940019E-01,  0.00000000E+00
1.61543422E+08,  1.43062211E-01,  0.00000000E+00
1.62193597E+08,  1.38118111E-01,  0.00000000E+00
1.62843772E+08,  1.33987103E-01,  0.00000000E+00
1.63493947E+08,  1.31650266E-01,  0.00000000E+00
1.64144122E+08,  1.27171151E-01,  0.00000000E+00
1.64794297E+08,  1.24695111E-01,  0.00000000E+00
1.65444472E+08,  1.22720836E-01,  0.00000000E+00
1.66094647E+08,  1.20589929E-01,  0.00000000E+00
1.66744822E+08,  1.18912441E-01,  0.00000000E+00
1.67394998E+08,  1.17910962E-01,  0.00000000E+00
1.68045173E+08,  1.16715645E-01,  0.00000000E+00
1.68695348E+08,  1.18273193E-01,  0.00000000E+00
1.69345523E+08,  1.16783639E-01,  0.00000000E+00
1.69995698E+08,  1.18105393E-01,  0.00000000E+00
1.70645873E+08,  1.18385705E-01,  0.00000000E+00
1.71296048E+08,  1.18857539E-01,  0.00000000E+00
1.71946223E+08,  1.20442873E-01,  0.00000000E+00
1.72596398E+08,  1.22250706E-01,  0.00000000E+00
1.73246573E+08,  1.22710733E-01,  0.00000000E+00
1.73896748E+08,  1.23336943E-01,  0.00000000E+00
1.74546924E+08,  1.25610365E-01,  0.00000000E+00
1.75197099E+08,  1.26631955E-01,  0.00000000E+00
1.75847274E+08,  1.27663959E-01,  0.00000000E+00
1.76497449E+08,  1.27482386E-01,  0.00000000E+00
1.77147624E+08,  1.28624608E-01,  0.00000000E+00
1.77797799E+08,  1.31065279E-01,  0.00000000E+00
1.78447974E+08,  1.30394506E-01,  0.00000000E+00
1.79098149E+08,  1.31996855E-01,  0.00000000E+00
1.79748324E+08,  1.32930414E-01,  0.00000000E+00
1.80398499E+08,  1.32330424E-01,  0.00000000E+00
1.81048674E+08,  1.33001928E-01,  0.00000000E+00
1.81698849E+08,  1.31680828E-01,  0.00000000E+00
1.82349025E+08,  1.30965746E-01,  0.00000000E+00
1.82999200E+08,  1.31552009E-01,  0.00000000E+00
1.83649375E+08,  1.32165902E-01,  0.00000000E+00
1.84299550E+08,  1.29639600E-01,  0.00000000E+00
1.84949725E+08,  1.30053667E-01,  0.00000000E+00
1.85599900E+08,  1.28269301E-01,  0.00000000E+00
1.86250075E+08,  1.27666227E-01,  0.00000000E+00
1.86900250E+08,  1.25831179E-01,  0.00000000E+00
1.87550425E+08,  1.24664872E-01,  0.00000000E+00
1.88200600E+08,  1.23024505E-01,  0.00000000E+00
1.88850775E+08,  1.21684778E-01,  0.00000000E+00
1.89500951E+08,  1.20876291E-01,  0.00000000E+00
1.90151126E+08,  1.19749361E-01,  0.00000000E+00
1.90801301E+08,  1.18278502E-01,  0.00000000E+00
1.91451476E+08,  1.16436205E-01,  0.00000000E+00
1.92101651E+08,  1.15783050E-01,  0.00000000E+00
1.92751826E+08,  1.14566119E-01,  0.00000000E+00
1.93402001E+08,  1.14072682E-01,  0.00000000E+00
1.94052176E+08,  1.13398288E-01,  0.00000000E+00
1.94702351E+08,  1.13365851E-01,  0.00000000E+00
1.95352526E+08,  1.13259413E-01,  0.00000000E+00
1.96002701E+08,  1.15322121E-01,  0.00000000E+00
1.96652876E+08,  1.15295301E-01,  0.00000000E+00
1.97303052E+08,  1.17103540E-01,  0.00000000E+00
1.97953227E+08,  1.18672094E-01,  0.00000000E+00
1.98603402E+08,  1.19011546E-01,  0.00000000E+00
1.99253577E+08,  1.22584158E-01,  0.00000000E+00
1.99903752E+08,  1.25777044E-01,  0.00000000E+00
2.00553927E+08,  1.30484841E-01,  0.00000000E+00
2.01204102E+08,  1.36546661E-01,  0.00000000E+00
2.01854277E+08,  1.40993237E-01,  0.00000000E+00
2.02504452E+08,  1.47219616E-01,  0.00000000E+00
2.03154627E+08,  1.54281108E-01,  0.00000000E+00
2.03804802E+08,  1.62807522E-01,  0.00000000E+00
2.04454978E+08,  1.71475842E-01,  0.00000000E+00
2.05105153E+08,  1.80746508E-01,  0.00000000E+00
2.05755328E+08,  1.90643970E-01,  0.00000000E+00
2.06405503E+08,  2.01416660E-01,  0.00000000E+00
2.07055678E+08,  2.14668636E-01,  0.00000000E+00
2.07705853E+08,  2.28313762E-01,  0.00000000E+00
2.08356028E+08,  2.42138782E-01,  0.00000000E+00
2.09006203E+08,  2.55439657E-01,  0.00000000E+00
2.09656378E+08,  2.72583850E-01,  0.00000000E+00
2.10306553E+08,  2.90529902E-01,  0.00000000E+00
2.10956728E+08,  3.07059064E-01,  0.00000000E+00
2.11606904E+08,  3.26316836E-01,  0.00000000E+00
2.12257079E+08,  3.46897973E-01,  0.00000000E+00
2.12907254E+08,  3.67058553E-01,  0.00000000E+00
2.13557429E+08,  3.89248104E-01,  0.00000000E+00
2.14207604E+08,  4.11039912E-01,  0.00000000E+00
2.14857779E+08,  4.34854293E-01,  0.00000000E+00
2.15507954E+08,  4.59697005E-01,  0.00000000E+00
2.16158129E+08,  4.84938656E-01,  0.00000000E+00
2.16808304E+08,  5.11597180E-01,  0.00000000E+00
2.17458479E+08,  5.37378870E-01,  0.00000000E+00
2.18108654E+08,  5.65859843E-01,  0.00000000E+00
2.18758829E+08,  5.94551883E-01,  0.00000000E+00
2.19409005E+08,  6.22778655E-01,  0.00000000E+00
2.20059180E+08,  6.52107812E-01,  0.00000000E+00
2.20709355E+08,  6.82990143E-01,  0.00000000E+00
2.21359530E+08,  7.13397424E-01,  0.00000000E+00
2.22009705E+08,  7.44185706E-01,  0.00000000E+00
2.22659880E+08,  7.77636239E-01,  0.00000000E+00
2.23310055E+08,  8.08099521E-01,  0.00000000E+00
2.23960230E+08,  8.40097275E-01,  0.00000000E+00
2.24610405E+08,  8.71644291E-01,  0.00000000E+00
2.25260580E+08,  9.06954563E-01,  0.00000000E+00
2.25910755E+08,  9.36534946E-01,  0.00000000E+00
2.26560931E+08,  9.68366401E-01,  0.00000000E+00
2.27211106E+08,  1.00248561E+00,  0.00000000E+00
2.27861281E+08,  1.03338037E+00,  0.00000000E+00
2.28511456E+08,  1.06565150E+00,  0.00000000E+00
2.29161631E+08,  1.09698855E+00,  0.00000000E+00
2.29811806E+08,  1.12784494E+00,  0.00000000E+00
2.30461981E+08,  1.15836477E+00,  0.00000000E+00
2.31112156E+08,  1.18623983E+00,  0.00000000E+00
2.31762331E+08,  1.21698884E+00,  0.00000000E+00
2.32412506E+08,  1.24586916E+00,  0.00000000E+00
2.33062681E+08,  1.27272891E+00,  0.00000000E+00
2.33712856E+08,  1.29906192E+00,  0.00000000E+00
2.34363032E+08,  1.32537115E+00,  0.00000000E+00
2.35013207E+08,  1.35060477E+00,  0.00000000E+00
2.35663382E+08,  1.37338456E+00,  0.00000000E+00
2.36313557E+08,  1.39603436E+00,  0.00000000E+00
2.36963732E+08,  1.41611602E+00,  0.00000000E+00
2.37613907E+08,  1.43699289E+00,  0.00000000E+00
2.38264082E+08,  1.45542529E+00,  0.00000000E+00
2.38914257E+08,  1.47144439E+00,  0.00000000E+00
2.39564432E+08,  1.48674270E+00,  0.00000000E+00
2.40214607E+08,  1.50158471E+00,  0.00000000E+00
2.40864782E+08,  1.51364561E+00,  0.00000000E+00
2.41514958E+08,  1.52355080E+00,  0.00000000E+00
2.42165133E+08,  1.53185706E+00,  0.00000000E+00
2.42815308E+08,  1.53948781E+00,  0.00000000E+00
2.43465483E+08,  1.54476599E+00,  0.00000000E+00
2.44115658E+08,  1.54888185E+00,  0.00000000E+00
2.44765833E+08,  1.55073552E+00,  0.00000000E+00
2.45416008E+08,  1.55195776E+00,  0.00000000E+00
2.46066183E+08,  1.54908417E+00,  0.00000000E+00
2.46716358E+08,  1.54733559E+00,  0.00000000E+00
2.47366533E+08,  1.54333605E+00,  0.00000000E+00
2.48016708E+08,  1.53710476E+00,  0.00000000E+00
2.48666883E+08,  1.52850186E+00,  0.00000000E+00
2.49317059E+08,  1.51845265E+00,  0.00000000E+00
2.49967234E+08,  1.50732727E+00,  0.00000000E+00
2.50617409E+08,  1.49571342E+00,  0.00000000E+00
2.51267584E+08,  1.48162995E+00,  0.00000000E+00
2.51917759E+08,  1.46664003E+00,  0.00000000E+00
2.52567934E+08,  1.45077538E+00,  0.00000000E+00
2.53218109E+08,  1.43213549E+00,  0.00000000E+00
2.53868284E+08,  1.41449665E+00,  0.00000000E+00
2.54518459E+08,  1.39403347E+00,  0.00000000E+00
2.55168634E+08,  1.37304742E+00,  0.00000000E+00
2.55818809E+08,  1.35105419E+00,  0.00000000E+00
2.56468985E+08,  1.32790500E+00,  0.00000000E+00
2.57119160E+08,  1.30380934E+00,  0.00000000E+00
2.57769335E+08,  1.27866422E+00,  0.00000000E+00
2.58419510E+08,  1.25401815E+00,  0.00000000E+00
2.59069685E+08,  1.22986884E+00,  0.00000000E+00
2.59719860E+08,  1.20155106E+00,  0.00000000E+00
2.60370035E+08,  1.17518008E+00,  0.00000000E+00
2.61020210E+08,  1.14868836E+00,  0.00000000E+00
2.61670385E+08,  1.11912367E+00,  0.00000000E+00
2.62320560E+08,  1.09230708E+00,  0.00000000E+00
2.62970735E+08,  1.06384973E+00,  0.00000000E+00
2.63620911E+08,  1.03538109E+00,  0.00000000E+00
2.64271086E+08,  1.00596976E+00,  0.00000000E+00
2.64921261E+08,  9.78092792E-01,  0.00000000E+00
2.65571436E+08,  9.48266411E-01,  0.00000000E+00
2.66221611E+08,  9.19953552E-01,  0.00000000E+00
2.66871786E+08,  8.91675365E-01,  0.00000000E+00
2.67521961E+08,  8.63865432E-01,  0.00000000E+00
2.68172136E+08,  8.36022040E-01,  0.00000000E+00
2.68822311E+08,  8.07535209E-01,  0.00000000E+00
2.69472486E+08,  7.79917305E-01,  0.00000000E+00
2.70122661E+08,  7.52842730E-01,  0.00000000E+00
2.70772836E+08,  7.26420328E-01,  0.00000000E+00
2.71423012E+08,  6.98220437E-01,  0.00000000E+00
2.72073187E+08,  6.73094132E-01,  0.00000000E+00
2.72723362E+08,  6.47715834E-01,  0.00000000E+00
2.73373537E+08,  6.21291977E-01,  0.00000000E+00
2.74023712E+08,  5.96870967E-01,  0.00000000E+00
2.74673887E+08,  5.73263468E-01,  0.00000000E+00
2.75324062E+08,  5.48660934E-01,  0.00000000E+00
2.75974237E+08,  5.25646373E-01,  0.00000000E+00
2.76624412E+08,  5.02762570E-01,  0.00000000E+00
2.77274587E+08,  4.81290913E-01,  0.00000000E+00
2.77924762E+08,  4.57994834E-01,  0.00000000E+00
2.78574938E+08,  4.37825513E-01,  0.00000000E+00
2.79225113E+08,  4.17400443E-01,  0.00000000E+00
2.79875288E+08,  3.96849257E-01,  0.00000000E+00
2.80525463E+08,  3.78959354E-01,  0.00000000E+00
2.81175638E+08,  3.59394392E-01,  0.00000000E+00
2.81825813E+08,  3.40540156E-01,  0.00000000E+00
2.82475988E+08,  3.22334329E-01,  0.00000000E+00
2.83126163E+08,  3.04738433E-01,  0.00000000E+00
2.83776338E+08,  2.88880358E-01,  0.00000000E+00
2.84426513E+08,  2.70794854E-01,  0.00000000E+00
2.85076688E+08,  2.54853211E-01,  0.00000000E+00
2.85726863E+08,  2.39527772E-01,  0.00000000E+00
2.86377039E+08,  2.24287544E-01,  0.00000000E+00
2.87027214E+08,  2.09816119E-01,  0.00000000E+00
2.87677389E+08,  1.94512079E-01,  0.00000000E+00
2.88327564E+08,  1.79594397E-01,  0.00000000E+00
2.88977739E+08,  1.67233512E-01,  0.00000000E+00
2.89627914E+08,  1.53342136E-01,  0.00000000E+00
2.90278089E+08,  1.41371259E-01,  0.00000000E+00
2.90928264E+08,  1.29128791E-01,  0.00000000E+00
2.91578439E+08,  1.16069427E-01,  0.00000000E+00
2.92228614E+08,  1.04003456E-01,  0.00000000E+00
2.92878789E+08,  9.16933089E-02,  0.00000000E+00
2.93528965E+08,  8.05264977E-02,  0.00000000E+00
2.94179140E+08,  6.94534682E-02,  0.00000000E+00
2.94829315E+08,  5.78627188E-02,  0.00000000E+00
2.95479490E+08,  4.70328290E-02,  0.00000000E+00
2.96129665E+08,  3.65119780E-02,  0.00000000E+00
2.96779840E+08,  2.67192294E-02,  0.00000000E+00
2.97430015E+08,  1.69399840E-02,  0.00000000E+00
2.98080190E+08,  6.67512396E-03,  0.00000000E+00
2.98730365E+08, -3.34680185E-03,  0.00000000E+00
2.99380540E+08, -1.40116727E-02,  0.00000000E+00
3.00030715E+08, -2.29734728E-02,  0.00000000E+00
3.00680890E+08, -3.26175352E-02,  0.00000000E+00
3.01331066E+08, -4.15149814E-02,  0.00000000E+00
3.01981241E+08, -5.02164385E-02,  0.00000000E+00
3.02631416E+08, -5.92347349E-02,  0.00000000E+00
3.03281591E+08, -6.74497967E-02,  0.00000000E+00
3.03931766E+08, -7.42040499E-02,  0.00000000E+00
3.04581941E+08, -8.35018710E-02,  0.00000000E+00
3.05232116E+08, -9.14644494E-02,  0.00000000E+00
3.05882291E+08, -9.82433801E-02,  0.00000000E+00
3.06532466E+08, -1.05345621E-01,  0.00000000E+00
3.07182641E+08, -1.11501340E-01,  0.00000000E+00
3.07832816E+08, -1.18520303E-01,  0.00000000E+00
3.08482992E+08, -1.25202210E-01,  0.00000000E+00
3.09133167E+08, -1.31053942E-01,  0.00000000E+00
3.09783342E+08, -1.36723829E-01,  0.00000000E+00
3.10433517E+08, -1.41622451E-01,  0.00000000E+00
3.11083692E+08, -1.46657122E-01,  0.00000000E+00
3.11733867E+08, -1.51497806E-01,  0.00000000E+00
3.12384042E+08, -1.55401924E-01,  0.00000000E+00
3.13034217E+08, -1.59397638E-01,  0.00000000E+00
3.13684392E+08, -1.62677590E-01,  0.00000000E+00
3.14334567E+08, -1.65737675E-01,  0.00000000E+00
3.14984742E+08, -1.67251808E-01,  0.00000000E+00
3.15634918E+08, -1.68223266E-01,  0.00000000E+00
3.16285093E+08, -1.70237213E-01,  0.00000000E+00
3.16935268E+08, -1.70029700E-01,  0.00000000E+00
3.17585443E+08, -1.69460020E-01,  0.00000000E+00
3.18235618E+08, -1.69193072E-01,  0.00000000E+00
3.18885793E+08, -1.68117462E-01,  0.00000000E+00
3.19535968E+08, -1.66237170E-01,  0.00000000E+00
3.20186143E+08, -1.63791536E-01,  0.00000000E+00
3.20836318E+08, -1.59076483E-01,  0.00000000E+00
3.21486493E+08, -1.55252396E-01,  0.00000000E+00
3.22136668E+08, -1.50473240E-01,  0.00000000E+00
3.22786843E+08, -1.42956145E-01,  0.00000000E+00
3.23437019E+08, -1.38711590E-01,  0.00000000E+00
3.24087194E+08, -1.32451368E-01,  0.00000000E+00
3.24737369E+08, -1.23912255E-01,  0.00000000E+00
3.25387544E+08, -1.16355472E-01,  0.00000000E+00
3.26037719E+08, -1.06377814E-01,  0.00000000E+00
3.26687894E+08, -9.71807261E-02,  0.00000000E+00
3.27338069E+08, -8.62559739E-02,  0.00000000E+00
3.27988244E+08, -7.48187636E-02,  0.00000000E+00
3.28638419E+08, -6.28799431E-02,  0.00000000E+00
3.29288594E+08, -5.02335839E-02,  0.00000000E+00
3.29938769E+08, -3.74879777E-02,  0.00000000E+00
3.30588945E+08, -2.33144888E-02,  0.00000000E+00
3.31239120E+08, -8.27031658E-03,  0.00000000E+00
3.31889295E+08,  6.44266819E-03,  0.00000000E+00
3.32539470E+08,  2.17065251E-02,  0.00000000E+00
3.33189645E+08,  3.65766273E-02,  0.00000000E+00
3.33839820E+08,  5.37991221E-02,  0.00000000E+00
3.34489995E+08,  7.09097124E-02,  0.00000000E+00
3.35140170E+08,  8.90150508E-02,  0.00000000E+00
3.35790345E+08,  1.07100574E-01,  0.00000000E+00
3.36440520E+08,  1.24692580E-01,  0.00000000E+00
3.37090695E+08,  1.43364314E-01,  0.00000000E+00
3.37740870E+08,  1.62390205E-01,  0.00000000E+00
3.38391046E+08,  1.81802251E-01,  0.00000000E+00
3.39041221E+08,  2.01349639E-01,  0.00000000E+00
3.39691396E+08,  2.20176811E-01,  0.00000000E+00
3.40341571E+08,  2.40523403E-01,  0.00000000E+00
3.40991746E+08,  2.59262837E-01,  0.00000000E+00
3.41641921E+08,  2.79200173E-01,  0.00000000E+00
3.42292096E+08,  2.97509310E-01,  0.00000000E+00
3.42942271E+08,  3.16791907E-01,  0.00000000E+00
3.43592446E+08,  3.35803941E-01,  0.00000000E+00
3.44242621E+08,  3.54813622E-01,  0.00000000E+00
3.44892796E+08,  3.71879015E-01,  0.00000000E+00
3.45542972E+08,  3.88203372E-01,  0.00000000E+00
3.46193147E+08,  4.06916234E-01,  0.00000000E+00
3.46843322E+08,  4.23522994E-01,  0.00000000E+00
3.47493497E+08,  4.39282657E-01,  0.00000000E+00
3.48143672E+08,  4.53757822E-01,  0.00000000E+00
3.48793847E+08,  4.67157236E-01,  0.00000000E+00
3.49444022E+08,  4.81158859E-01,  0.00000000E+00
3.50094197E+08,  4.92427370E-01,  0.00000000E+00
3.50744372E+08,  5.03713386E-01,  0.00000000E+00
3.51394547E+08,  5.13328766E-01,  0.00000000E+00
3.52044722E+08,  5.23615472E-01,  0.00000000E+00
3.52694897E+08,  5.30023219E-01,  0.00000000E+00
3.53345073E+08,  5.36422772E-01,  0.00000000E+00
3.53995248E+08,  5.41858419E-01,  0.00000000E+00
3.54645423E+08,  5.45403982E-01,  0.00000000E+00
3.55295598E+08,  5.47043272E-01,  0.00000000E+00
3.55945773E+08,  5.47308873E-01,  0.00000000E+00
3.56595948E+08,  5.46372468E-01,  0.00000000E+00
3.57246123E+08,  5.43787817E-01,  0.00000000E+00
3.57896298E+08,  5.39983124E-01,  0.00000000E+00
3.58546473E+08,  5.34238609E-01,  0.00000000E+00
3.59196648E+08,  5.27129199E-01,  0.00000000E+00
3.59846823E+08,  5.16253151E-01,  0.00000000E+00
3.60496999E+08,  5.06914017E-01,  0.00000000E+00
3.61147174E+08,  4.94222068E-01,  0.00000000E+00
3.61797349E+08,  4.79450631E-01,  0.00000000E+00
3.62447524E+08,  4.63398595E-01,  0.00000000E+00
3.63097699E+08,  4.46447344E-01,  0.00000000E+00
3.63747874E+08,  4.27767182E-01,  0.00000000E+00
3.64398049E+08,  4.07197840E-01,  0.00000000E+00
3.65048224E+08,  3.86117798E-01,  0.00000000E+00
3.65698399E+08,  3.62828363E-01,  0.00000000E+00
3.66348574E+08,  3.37637160E-01,  0.00000000E+00
3.66998749E+08,  3.12081304E-01,  0.00000000E+00
3.67648925E+08,  2.85418272E-01,  0.00000000E+00
3.68299100E+08,  2.57057338E-01,  0.00000000E+00
3.68949275E+08,  2.28481054E-01,  0.00000000E+00
3.69599450E+08,  1.97390350E-01,  0.00000000E+00
3.70249625E+08,  1.65779177E-01,  0.00000000E+00
3.70899800E+08,  1.34695606E-01,  0.00000000E+00
3.71549975E+08,  1.02965334E-01,  0.00000000E+00
3.72200150E+08,  6.84801957E-02,  0.00000000E+00
3.72850325E+08,  3.49885808E-02,  0.00000000E+00
3.73500500E+08,  1.83728759E-04,  0.00000000E+00
3.74150675E+08, -3.37414236E-02,  0.00000000E+00
3.74800850E+08, -6.93480097E-02,  0.00000000E+00
3.75451026E+08, -1.02536255E-01,  0.00000000E+00
3.76101201E+08, -1.39131955E-01,  0.00000000E+00
3.76751376E+08, -1.73943258E-01,  0.00000000E+00
3.77401551E+08, -2.07091621E-01,  0.00000000E+00
3.78051726E+08, -2.43099916E-01,  0.00000000E+00
3.78701901E+08, -2.77475953E-01,  0.00000000E+00
3.79352076E+08, -3.10752848E-01,  0.00000000E+00
3.80002251E+08, -3.44765273E-01,  0.00000000E+00
3.80652426E+08, -3.78142597E-01,  0.00000000E+00
3.81302601E+08, -4.11130804E-01,  0.00000000E+00
3.81952776E+08, -4.41495921E-01,  0.00000000E+00
3.82602952E+08, -4.71540136E-01,  0.00000000E+00
3.83253127E+08, -5.02153790E-01,  0.00000000E+00
3.83903302E+08, -5.31216825E-01,  0.00000000E+00
3.84553477E+08, -5.58929655E-01,  0.00000000E+00
3.85203652E+08, -5.85233176E-01,  0.00000000E+00
3.85853827E+08, -6.10288510E-01,  0.00000000E+00
3.86504002E+08, -6.35269181E-01,  0.00000000E+00
3.87154177E+08, -6.58427742E-01,  0.00000000E+00
3.87804352E+08, -6.79789311E-01,  0.00000000E+00
3.88454527E+08, -7.00038757E-01,  0.00000000E+00
3.89104702E+08, -7.19585916E-01,  0.00000000E+00
3.89754877E+08, -7.37122012E-01,  0.00000000E+00
3.90405053E+08, -7.53162425E-01,  0.00000000E+00
3.91055228E+08, -7.67312126E-01,  0.00000000E+00
3.91705403E+08, -7.80289263E-01,  0.00000000E+00
3.92355578E+08, -7.92231400E-01,  0.00000000E+00
3.93005753E+08, -8.02707735E-01,  0.00000000E+00
3.93655928E+08, -8.10960545E-01,  0.00000000E+00
3.94306103E+08, -8.17038128E-01,  0.00000000E+00
3.94956278E+08, -8.23303035E-01,  0.00000000E+00
3.95606453E+08, -8.25926736E-01,  0.00000000E+00
3.96256628E+08, -8.28546265E-01,  0.00000000E+00
3.96906803E+08, -8.29112244E-01,  0.00000000E+00
3.97556979E+08, -8.26475029E-01,  0.00000000E+00
3.98207154E+08, -8.24391795E-01,  0.00000000E+00
3.98857329E+08, -8.19106280E-01,  0.00000000E+00
3.99507504E+08, -8.13512806E-01,  0.00000000E+00
4.00157679E+08, -8.05552022E-01,  0.00000000E+00
4.00807854E+08, -7.96218952E-01,  0.00000000E+00
4.01458029E+08, -7.85718738E-01,  0.00000000E+00
4.02108204E+08, -7.73115495E-01,  0.00000000E+00
4.02758379E+08, -7.60051114E-01,  0.00000000E+00
4.03408554E+08, -7.45749493E-01,  0.00000000E+00
4.04058729E+08, -7.29006070E-01,  0.00000000E+00
4.04708905E+08, -7.11101631E-01,  0.00000000E+00
4.05359080E+08, -6.92408670E-01,  0.00000000E+00
4.06009255E+08, -6.71926946E-01,  0.00000000E+00
4.06659430E+08, -6.51522791E-01,  0.00000000E+00
4.07309605E+08, -6.29644493E-01,  0.00000000E+00
4.07959780E+08, -6.05793161E-01,  0.00000000E+00
4.08609955E+08, -5.80502454E-01,  0.00000000E+00
4.09260130E+08, -5.56152810E-01,  0.00000000E+00
4.09910305E+08, -5.29206304E-01,  0.00000000E+00
4.10560480E+08, -5.01899506E-01,  0.00000000E+00
4.11210655E+08, -4.75520887E-01,  0.00000000E+00
4.11860830E+08, -4.46375350E-01,  0.00000000E+00
4.12511006E+08, -4.17849214E-01,  0.00000000E+00
4.13161181E+08, -3.88490699E-01,  0.00000000E+00
4.13811356E+08, -3.57743320E-01,  0.00000000E+00
4.14461531E+08, -3.28133224E-01,  0.00000000E+00
4.15111706E+08, -2.96565870E-01,  0.00000000E+00
4.15761881E+08, -2.64274654E-01,  0.00000000E+00
4.16412056E+08, -2.33854524E-01,  0.00000000E+00
4.17062231E+08, -2.01594447E-01,  0.00000000E+00
4.17712406E+08, -1.70548533E-01,  0.00000000E+00
4.18362581E+08, -1.39077714E-01,  0.00000000E+00
4.19012756E+08, -1.08136707E-01,  0.00000000E+00
4.19662932E+08, -7.63112319E-02,  0.00000000E+00
4.20313107E+08, -4.58971541E-02,  0.00000000E+00
4.20963282E+08, -1.40583771E-02,  0.00000000E+00
4.21613457E+08,  1.58873273E-02,  0.00000000E+00
4.22263632E+08,  4.44238535E-02,  0.00000000E+00
4.22913807E+08,  7.41842547E-02,  0.00000000E+00
4.23563982E+08,  1.03358128E-01,  0.00000000E+00
4.24214157E+08,  1.31070273E-01,  0.00000000E+00
4.24864332E+08,  1.59667057E-01,  0.00000000E+00
4.25514507E+08,  1.86041977E-01,  0.00000000E+00
4.26164682E+08,  2.11553053E-01,  0.00000000E+00
4.26814857E+08,  2.37137206E-01,  0.00000000E+00
4.27465033E+08,  2.61799439E-01,  0.00000000E+00
4.28115208E+08,  2.85789882E-01,  0.00000000E+00
4.28765383E+08,  3.09187747E-01,  0.00000000E+00
4.29415558E+08,  3.30277570E-01,  0.00000000E+00
4.30065733E+08,  3.52374569E-01,  0.00000000E+00
4.30715908E+08,  3.71786852E-01,  0.00000000E+00
4.31366083E+08,  3.90329658E-01,  0.00000000E+00
4.32016258E+08,  4.09051657E-01,  0.00000000E+00
4.32666433E+08,  4.26398746E-01,  0.00000000E+00
4.33316608E+08,  4.42682816E-01,  0.00000000E+00
4.33966783E+08,  4.57416907E-01,  0.00000000E+00
4.34616959E+08,  4.71601046E-01,  0.00000000E+00
4.35267134E+08,  4.84849671E-01,  0.00000000E+00
4.35917309E+08,  4.96608918E-01,  0.00000000E+00
4.36567484E+08,  5.07603952E-01,  0.00000000E+00
4.37217659E+08,  5.18753376E-01,  0.00000000E+00
4.37867834E+08,  5.27958495E-01,  0.00000000E+00
4.38518009E+08,  5.36608614E-01,  0.00000000E+00
4.39168184E+08,  5.44092850E-01,  0.00000000E+00
4.39818359E+08,  5.50674818E-01,  0.00000000E+00
4.40468534E+08,  5.56667513E-01,  0.00000000E+00
4.41118709E+08,  5.61685436E-01,  0.00000000E+00
4.41768884E+08,  5.66974553E-01,  0.00000000E+00
4.42419060E+08,  5.69590375E-01,  0.00000000E+00
4.43069235E+08,  5.71244083E-01,  0.00000000E+00
4.43719410E+08,  5.73566025E-01,  0.00000000E+00
4.44369585E+08,  5.75772114E-01,  0.00000000E+00
4.45019760E+08,  5.76985191E-01,  0.00000000E+00
4.45669935E+08,  5.77657297E-01,  0.00000000E+00
4.46320110E+08,  5.76425748E-01,  0.00000000E+00
4.46970285E+08,  5.75540160E-01,  0.00000000E+00
4.47620460E+08,  5.73671822E-01,  0.00000000E+00
4.48270635E+08,  5.71256949E-01,  0.00000000E+00
4.48920810E+08,  5.68587612E-01,  0.00000000E+00
4.49570986E+08,  5.65585763E-01,  0.00000000E+00
4.50221161E+08,  5.60912973E-01,  0.00000000E+00
4.50871336E+08,  5.56288103E-01,  0.00000000E+00
4.51521511E+08,  5.53123689E-01,  0.00000000E+00
4.52171686E+08,  5.47435643E-01,  0.00000000E+00
4.52821861E+08,  5.41457651E-01,  0.00000000E+00
4.53472036E+08,  5.36148943E-01,  0.00000000E+00
4.54122211E+08,  5.29837485E-01,  0.00000000E+00
4.54772386E+08,  5.22804313E-01,  0.00000000E+00
4.55422561E+08,  5.17013838E-01,  0.00000000E+00
4.56072736E+08,  5.08565537E-01,  0.00000000E+00
4.56722912E+08,  5.00646076E-01,  0.00000000E+00
4.57373087E+08,  4.93180220E-01,  0.00000000E+00
4.58023262E+08,  4.83105333E-01,  0.00000000E+00
4.58673437E+08,  4.75769413E-01,  0.00000000E+00
4.59323612E+08,  4.67095344E-01,  0.00000000E+00
4.59973787E+08,  4.57575259E-01,  0.00000000E+00
4.60623962E+08,  4.46868440E-01,  0.00000000E+00
4.61274137E+08,  4.37303718E-01,  0.00000000E+00
4.61924312E+08,  4.25399381E-01,  0.00000000E+00
4.62574487E+08,  4.16163856E-01,  0.00000000E+00
4.63224662E+08,  4.04213229E-01,  0.00000000E+00
4.63874837E+08,  3.91470142E-01,  0.00000000E+00
4.64525013E+08,  3.80525054E-01,  0.00000000E+00
4.65175188E+08,  3.68318726E-01,  0.00000000E+00
4.65825363E+08,  3.54788548E-01,  0.00000000E+00
4.66475538E+08,  3.41052024E-01,  0.00000000E+00
4.67125713E+08,  3.27856303E-01,  0.00000000E+00
4.67775888E+08,  3.12377811E-01,  0.00000000E+00
4.68426063E+08,  2.99298305E-01,  0.00000000E+00
4.69076238E+08,  2.84234534E-01,  0.00000000E+00
4.69726413E+08,  2.69227596E-01,  0.00000000E+00
4.70376588E+08,  2.52673662E-01,  0.00000000E+00
4.71026763E+08,  2.37231514E-01,  0.00000000E+00
4.71676939E+08,  2.20131348E-01,  0.00000000E+00
4.72327114E+08,  2.03460840E-01,  0.00000000E+00
4.72977289E+08,  1.85627269E-01,  0.00000000E+00
4.73627464E+08,  1.68752778E-01,  0.00000000E+00
4.74277639E+08,  1.49662162E-01,  0.00000000E+00
4.74927814E+08,  1.33265846E-01,  0.00000000E+00
4.75577989E+08,  1.14184507E-01,  0.00000000E+00
4.76228164E+08,  9.52814776E-02,  0.00000000E+00
4.76878339E+08,  7.43964473E-02,  0.00000000E+00
4.77528514E+08,  5.67183137E-02,  0.00000000E+00
4.78178689E+08,  3.71858978E-02,  0.00000000E+00
4.78828864E+08,  1.74061510E-02,  0.00000000E+00
4.79479040E+08, -3.20879094E-03,  0.00000000E+00
4.80129215E+08, -2.27146414E-02,  0.00000000E+00
4.80779390E+08, -4.31201100E-02,  0.00000000E+00
4.81429565E+08, -6.47794209E-02,  0.00000000E+00
4.82079740E+08, -8.44409886E-02,  0.00000000E+00
4.82729915E+08, -1.03654317E-01,  0.00000000E+00
4.83380090E+08, -1.24144880E-01,  0.00000000E+00
4.84030265E+08, -1.44155639E-01,  0.00000000E+00
4.84680440E+08, -1.64699487E-01,  0.00000000E+00
4.85330615E+08, -1.83719390E-01,  0.00000000E+00
4.85980790E+08, -2.03796664E-01,  0.00000000E+00
4.86630966E+08, -2.22631102E-01,  0.00000000E+00
4.87281141E+08, -2.41080469E-01,  0.00000000E+00
4.87931316E+08, -2.60005764E-01,  0.00000000E+00
4.88581491E+08, -2.77893829E-01,  0.00000000E+00
4.89231666E+08, -2.95791677E-01,  0.00000000E+00
4.89881841E+08, -3.12278553E-01,  0.00000000E+00
4.90532016E+08, -3.29873881E-01,  0.00000000E+00
4.91182191E+08, -3.44933410E-01,  0.00000000E+00
4.91832366E+08, -3.60611126E-01,  0.00000000E+00
4.92482541E+08, -3.76024129E-01,  0.00000000E+00
4.93132716E+08, -3.89069459E-01,  0.00000000E+00
4.93782891E+08, -4.02165825E-01,  0.00000000E+00
4.94433067E+08, -4.15019039E-01,  0.00000000E+00
4.95083242E+08, -4.27140086E-01,  0.00000000E+00
4.95733417E+08, -4.38022666E-01,  0.00000000E+00
4.96383592E+08, -4.48273582E-01,  0.00000000E+00
4.97033767E+08, -4.57885311E-01,  0.00000000E+00
4.97683942E+08, -4.64914944E-01,  0.00000000E+00
4.98334117E+08, -4.72616282E-01,  0.00000000E+00
4.98984292E+08, -4.78872334E-01,  0.00000000E+00
4.99634467E+08, -4.84064875E-01,  0.00000000E+00
5.00284642E+08, -4.89164860E-01,  0.00000000E+00
5.00934817E+08, -4.92490624E-01,  0.00000000E+00
5.01584993E+08, -4.95467411E-01,  0.00000000E+00
5.02235168E+08, -4.97256203E-01,  0.00000000E+00
5.02885343E+08, -4.96555657E-01,  0.00000000E+00
5.03535518E+08, -4.96643928E-01,  0.00000000E+00
5.04185693E+08, -4.92618390E-01,  0.00000000E+00
5.04835868E+08, -4.92621755E-01,  0.00000000E+00
5.05486043E+08, -4.86436679E-01,  0.00000000E+00
5.06136218E+08, -4.83095168E-01,  0.00000000E+00
5.06786393E+08, -4.77048681E-01,  0.00000000E+00
5.07436568E+08, -4.70476673E-01,  0.00000000E+00
5.08086743E+08, -4.62466034E-01,  0.00000000E+00
5.08736919E+08, -4.54299147E-01,  0.00000000E+00
5.09387094E+08, -4.44865521E-01,  0.00000000E+00
5.10037269E+08, -4.34542668E-01,  0.00000000E+00
5.10687444E+08, -4.22754187E-01,  0.00000000E+00
5.11337619E+08, -4.10221486E-01,  0.00000000E+00
5.11987794E+08, -3.96690281E-01,  0.00000000E+00
5.12637969E+08, -3.84192397E-01,  0.00000000E+00
5.13288144E+08, -3.69839506E-01,  0.00000000E+00
5.13938319E+08, -3.54358862E-01,  0.00000000E+00
5.14588494E+08, -3.38731809E-01,  0.00000000E+00
5.15238669E+08, -3.21838232E-01,  0.00000000E+00
5.15888844E+08, -3.06169278E-01,  0.00000000E+00
5.16539020E+08, -2.88717020E-01,  0.00000000E+00
5.17189195E+08, -2.70145324E-01,  0.00000000E+00
5.17839370E+08, -2.53096709E-01,  0.00000000E+00
5.18489545E+08, -2.33684961E-01,  0.00000000E+00
5.19139720E+08, -2.15974591E-01,  0.00000000E+00
5.19789895E+08, -1.96762847E-01,  0.00000000E+00
5.20440070E+08, -1.78964917E-01,  0.00000000E+00
5.21090245E+08, -1.59820680E-01,  0.00000000E+00
5.21740420E+08, -1.41028225E-01,  0.00000000E+00
5.22390595E+08, -1.22258927E-01,  0.00000000E+00
5.23040770E+08, -1.03738248E-01,  0.00000000E+00
5.23690946E+08, -8.56916556E-02,  0.00000000E+00
5.24341121E+08, -6.76467734E-02,  0.00000000E+00
5.24991296E+08, -5.03752377E-02,  0.00000000E+00
5.25641471E+08, -3.52637464E-02,  0.00000000E+00
5.26291646E+08, -1.82203634E-02,  0.00000000E+00
5.26941821E+08, -4.20028866E-03,  0.00000000E+00
5.27591996E+08,  1.06663590E-02,  0.00000000E+00
5.28242171E+08,  2.54960649E-02,  0.00000000E+00
5.28892346E+08,  3.92453379E-02,  0.00000000E+00
5.29542521E+08,  5.11123878E-02,  0.00000000E+00
5.30192696E+08,  6.21421161E-02,  0.00000000E+00
5.30842871E+08,  7.16903523E-02,  0.00000000E+00
5.31493047E+08,  8.15868678E-02,  0.00000000E+00
5.32143222E+08,  8.93408071E-02,  0.00000000E+00
5.32793397E+08,  9.59295515E-02,  0.00000000E+00
5.33443572E+08,  1.02052990E-01,  0.00000000E+00
5.34093747E+08,  1.04493197E-01,  0.00000000E+00
5.34743922E+08,  1.08083558E-01,  0.00000000E+00
5.35394097E+08,  1.09826065E-01,  0.00000000E+00
5.36044272E+08,  1.08196522E-01,  0.00000000E+00
5.36694447E+08,  1.07183364E-01,  0.00000000E+00
5.37344622E+08,  1.05007835E-01,  0.00000000E+00
5.37994797E+08,  9.95246763E-02,  0.00000000E+00
5.38644973E+08,  9.39046616E-02,  0.00000000E+00
5.39295148E+08,  8.53682283E-02,  0.00000000E+00
5.39945323E+08,  7.75137637E-02,  0.00000000E+00
5.40595498E+08,  6.67912924E-02,  0.00000000E+00
5.41245673E+08,  5.58566307E-02,  0.00000000E+00
5.41895848E+08,  4.20453469E-02,  0.00000000E+00
5.42546023E+08,  2.66594319E-02,  0.00000000E+00
5.43196198E+08,  1.15579848E-02,  0.00000000E+00
5.43846373E+08, -6.05153855E-03,  0.00000000E+00
5.44496548E+08, -2.39771028E-02,  0.00000000E+00
5.45146723E+08, -4.39050460E-02,  0.00000000E+00
5.45796898E+08, -6.43409019E-02,  0.00000000E+00
5.46447074E+08, -8.79016834E-02,  0.00000000E+00
5.47097249E+08, -1.10836242E-01,  0.00000000E+00
5.47747424E+08, -1.35439225E-01,  0.00000000E+00
5.48397599E+08, -1.59555765E-01,  0.00000000E+00
5.49047774E+08, -1.85547718E-01,  0.00000000E+00
5.49697949E+08, -2.11724737E-01,  0.00000000E+00
5.50348124E+08, -2.39659198E-01,  0.00000000E+00
5.50998299E+08, -2.67885928E-01,  0.00000000E+00
5.51648474E+08, -2.96189952E-01,  0.00000000E+00
5.52298649E+08, -3.26269455E-01,  0.00000000E+00
5.52948824E+08, -3.55870707E-01,  0.00000000E+00
5.53599000E+08, -3.85813081E-01,  0.00000000E+00
5.54249175E+08, -4.16269939E-01,  0.00000000E+00
5.54899350E+08, -4.45910568E-01,  0.00000000E+00
5.55549525E+08, -4.77619618E-01,  0.00000000E+00
5.56199700E+08, -5.08109265E-01,  0.00000000E+00
5.56849875E+08, -5.38470896E-01,  0.00000000E+00
5.57500050E+08, -5.68658520E-01,  0.00000000E+00
5.58150225E+08, -6.00386532E-01,  0.00000000E+00
5.58800400E+08, -6.29179316E-01,  0.00000000E+00
5.59450575E+08, -6.58259518E-01,  0.00000000E+00
5.60100750E+08, -6.89067205E-01,  0.00000000E+00
5.60750926E+08, -7.17222034E-01,  0.00000000E+00
5.61401101E+08, -7.46276807E-01,  0.00000000E+00
5.62051276E+08, -7.73956882E-01,  0.00000000E+00
5.62701451E+08, -8.02829083E-01,  0.00000000E+00
5.63351626E+08, -8.27598721E-01,  0.00000000E+00
5.64001801E+08, -8.54514348E-01,  0.00000000E+00
5.64651976E+08, -8.78793201E-01,  0.00000000E+00
5.65302151E+08, -9.05252554E-01,  0.00000000E+00
5.65952326E+08, -9.26916162E-01,  0.00000000E+00
5.66602501E+08, -9.50333668E-01,  0.00000000E+00
5.67252676E+08, -9.70528614E-01,  0.00000000E+00
5.67902851E+08, -9.91668554E-01,  0.00000000E+00
5.68553027E+08, -1.01199860E+00,  0.00000000E+00
5.69203202E+08, -1.03039932E+00,  0.00000000E+00
5.69853377E+08, -1.04722200E+00,  0.00000000E+00
5.70503552E+08, -1.06427875E+00,  0.00000000E+00
5.71153727E+08, -1.07992675E+00,  0.00000000E+00
5.71803902E+08, -1.09220870E+00,  0.00000000E+00
5.72454077E+08, -1.10601309E+00,  0.00000000E+00
5.73104252E+08, -1.11733824E+00,  0.00000000E+00
5.73754427E+08, -1.12735772E+00,  0.00000000E+00
5.74404602E+08, -1.13677741E+00,  0.00000000E+00
5.75054777E+08, -1.14484515E+00,  0.00000000E+00
5.75704953E+08, -1.15220843E+00,  0.00000000E+00
5.76355128E+08, -1.15724542E+00,  0.00000000E+00
5.77005303E+08, -1.15973742E+00,  0.00000000E+00
5.77655478E+08, -1.16380620E+00,  0.00000000E+00
5.78305653E+08, -1.16491064E+00,  0.00000000E+00
5.78955828E+08, -1.16584293E+00,  0.00000000E+00
5.79606003E+08, -1.16408462E+00,  0.00000000E+00
5.80256178E+08, -1.16285942E+00,  0.00000000E+00
5.80906353E+08, -1.15936222E+00,  0.00000000E+00
5.81556528E+08, -1.15611455E+00,  0.00000000E+00
5.82206703E+08, -1.14982279E+00,  0.00000000E+00
5.82856878E+08, -1.14285007E+00,  0.00000000E+00
5.83507054E+08, -1.13462498E+00,  0.00000000E+00
5.84157229E+08, -1.12553548E+00,  0.00000000E+00
5.84807404E+08, -1.11527321E+00,  0.00000000E+00
5.85457579E+08, -1.10211807E+00,  0.00000000E+00
5.86107754E+08, -1.09125010E+00,  0.00000000E+00
5.86757929E+08, -1.07755906E+00,  0.00000000E+00
5.87408104E+08, -1.06401785E+00,  0.00000000E+00
5.88058279E+08, -1.04868673E+00,  0.00000000E+00
5.88708454E+08, -1.03250722E+00,  0.00000000E+00
5.89358629E+08, -1.01589666E+00,  0.00000000E+00
5.90008804E+08, -9.98344620E-01,  0.00000000E+00
5.90658980E+08, -9.79948275E-01,  0.00000000E+00
5.91309155E+08, -9.61171016E-01,  0.00000000E+00
5.91959330E+08, -9.41077942E-01,  0.00000000E+00
5.92609505E+08, -9.20713739E-01,  0.00000000E+00
5.93259680E+08, -8.99053308E-01,  0.00000000E+00
5.93909855E+08, -8.77058388E-01,  0.00000000E+00
5.94560030E+08, -8.55737062E-01,  0.00000000E+00
5.95210205E+08, -8.31355578E-01,  0.00000000E+00
5.95860380E+08, -8.09927694E-01,  0.00000000E+00
5.96510555E+08, -7.85903710E-01,  0.00000000E+00
5.97160730E+08, -7.62556299E-01,  0.00000000E+00
5.97810906E+08, -7.38813222E-01,  0.00000000E+00
5.98461081E+08, -7.14482186E-01,  0.00000000E+00
5.99111256E+08, -6.89715272E-01,  0.00000000E+00
5.99761431E+08, -6.65793273E-01,  0.00000000E+00
6.00411606E+08, -6.40195844E-01,  0.00000000E+00
6.01061781E+08, -6.15386377E-01,  0.00000000E+00
6.01711956E+08, -5.92001022E-01,  0.00000000E+00
6.02362131E+08, -5.66328660E-01,  0.00000000E+00
6.03012306E+08, -5.42904111E-01,  0.00000000E+00
6.03662481E+08, -5.17733233E-01,  0.00000000E+00
6.04312656E+08, -4.93828370E-01,  0.00000000E+00
6.04962831E+08, -4.70210237E-01,  0.00000000E+00
6.05613007E+08, -4.46376201E-01,  0.00000000E+00
6.06263182E+08, -4.22624648E-01,  0.00000000E+00
6.06913357E+08, -3.97896636E-01,  0.00000000E+00
6.07563532E+08, -3.75956121E-01,  0.00000000E+00
6.08213707E+08, -3.53578714E-01,  0.00000000E+00
6.08863882E+08, -3.29997511E-01,  0.00000000E+00
6.09514057E+08, -3.06980814E-01,  0.00000000E+00
6.10164232E+08, -2.86737933E-01,  0.00000000E+00
6.10814407E+08, -2.64173961E-01,  0.00000000E+00
6.11464582E+08, -2.44277790E-01,  0.00000000E+00
6.12114757E+08, -2.22427014E-01,  0.00000000E+00
6.12764933E+08, -2.03102023E-01,  0.00000000E+00
6.13415108E+08, -1.83512897E-01,  0.00000000E+00
6.14065283E+08, -1.63302610E-01,  0.00000000E+00
6.14715458E+08, -1.45246897E-01,  0.00000000E+00
6.15365633E+08, -1.26412149E-01,  0.00000000E+00
6.16015808E+08, -1.08756810E-01,  0.00000000E+00
6.16665983E+08, -9.09571831E-02,  0.00000000E+00
6.17316158E+08, -7.37840072E-02,  0.00000000E+00
6.17966333E+08, -5.85260976E-02,  0.00000000E+00
6.18616508E+08, -4.16892848E-02,  0.00000000E+00
6.19266683E+08, -2.62576218E-02,  0.00000000E+00
6.19916858E+08, -1.06092103E-02,  0.00000000E+00
6.20567034E+08,  4.12520675E-03,  0.00000000E+00
6.21217209E+08,  1.75666126E-02,  0.00000000E+00
6.21867384E+08,  3.23301154E-02,  0.00000000E+00
6.22517559E+08,  4.57826730E-02,  0.00000000E+00
6.23167734E+08,  5.80299801E-02,  0.00000000E+00
6.23817909E+08,  6.92963988E-02,  0.00000000E+00
6.24468084E+08,  8.28328186E-02,  0.00000000E+00
6.25118259E+08,  9.39535796E-02,  0.00000000E+00
6.25768434E+08,  1.06933841E-01,  0.00000000E+00
6.26418609E+08,  1.17413160E-01,  0.00000000E+00
6.27068784E+08,  1.27597197E-01,  0.00000000E+00
6.27718960E+08,  1.37681794E-01,  0.00000000E+00
6.28369135E+08,  1.46934383E-01,  0.00000000E+00
6.29019310E+08,  1.56450153E-01,  0.00000000E+00
6.29669485E+08,  1.66288094E-01,  0.00000000E+00
6.30319660E+08,  1.75111641E-01,  0.00000000E+00
6.30969835E+08,  1.82779731E-01,  0.00000000E+00
6.31620010E+08,  1.91173462E-01,  0.00000000E+00
6.32270185E+08,  1.99056075E-01,  0.00000000E+00
6.32920360E+08,  2.05095949E-01,  0.00000000E+00
6.33570535E+08,  2.12176083E-01,  0.00000000E+00
6.34220710E+08,  2.19286868E-01,  0.00000000E+00
6.34870885E+08,  2.25354025E-01,  0.00000000E+00
6.35521061E+08,  2.30672057E-01,  0.00000000E+00
6.36171236E+08,  2.34604826E-01,  0.00000000E+00
6.36821411E+08,  2.40778084E-01,  0.00000000E+00
6.37471586E+08,  2.44441444E-01,  0.00000000E+00
6.38121761E+08,  2.47698500E-01,  0.00000000E+00
6.38771936E+08,  2.50733771E-01,  0.00000000E+00
6.39422111E+08,  2.53215026E-01,  0.00000000E+00
6.40072286E+08,  2.54950032E-01,  0.00000000E+00
6.40722461E+08,  2.58215363E-01,  0.00000000E+00
6.41372636E+08,  2.59632142E-01,  0.00000000E+00
6.42022811E+08,  2.59983081E-01,  0.00000000E+00
6.42672987E+08,  2.59917524E-01,  0.00000000E+00
6.43323162E+08,  2.60375655E-01,  0.00000000E+00
6.43973337E+08,  2.58977805E-01,  0.00000000E+00
6.44623512E+08,  2.57123109E-01,  0.00000000E+00
6.45273687E+08,  2.55688933E-01,  0.00000000E+00
6.45923862E+08,  2.52213009E-01,  0.00000000E+00
6.46574037E+08,  2.49467692E-01,  0.00000000E+00
6.47224212E+08,  2.45934499E-01,  0.00000000E+00
6.47874387E+08,  2.41905725E-01,  0.00000000E+00
6.48524562E+08,  2.36927523E-01,  0.00000000E+00
6.49174737E+08,  2.31413903E-01,  0.00000000E+00
6.49824913E+08,  2.23840584E-01,  0.00000000E+00
6.50475088E+08,  2.19143080E-01,  0.00000000E+00
6.51125263E+08,  2.11869563E-01,  0.00000000E+00
6.51775438E+08,  2.03358980E-01,  0.00000000E+00
6.52425613E+08,  1.94785171E-01,  0.00000000E+00
6.53075788E+08,  1.85607815E-01,  0.00000000E+00
6.53725963E+08,  1.74969540E-01,  0.00000000E+00
6.54376138E+08,  1.64944141E-01,  0.00000000E+00
6.55026313E+08,  1.54214648E-01,  0.00000000E+00
6.55676488E+08,  1.42901111E-01,  0.00000000E+00
6.56326663E+08,  1.30394127E-01,  0.00000000E+00
6.56976838E+08,  1.17291563E-01,  0.00000000E+00
6.57627014E+08,  1.04436775E-01,  0.00000000E+00
6.58277189E+08,  8.96619230E-02,  0.00000000E+00
6.58927364E+08,  7.64807644E-02,  0.00000000E+00
6.59577539E+08,  6.09540104E-02,  0.00000000E+00
6.60227714E+08,  4.57385213E-02,  0.00000000E+00
6.60877889E+08,  3.02376553E-02,  0.00000000E+00
6.61528064E+08,  1.39803131E-02,  0.00000000E+00
6.62178239E+08, -2.24034811E-03,  0.00000000E+00
6.62828414E+08, -1.89974907E-02,  0.00000000E+00
6.63478589E+08, -3.61839377E-02,  0.00000000E+00
6.64128764E+08, -5.29557103E-02,  0.00000000E+00
6.64778940E+08, -7.13850087E-02,  0.00000000E+00
6.65429115E+08, -8.90914653E-02,  0.00000000E+00
6.66079290E+08, -1.06992185E-01,  0.00000000E+00
6.66729465E+08, -1.25182988E-01,  0.00000000E+00
6.67379640E+08, -1.42943658E-01,  0.00000000E+00
6.68029815E+08, -1.61326867E-01,  0.00000000E+00
6.68679990E+08, -1.79831309E-01,  0.00000000E+00
6.69330165E+08, -1.99162286E-01,  0.00000000E+00
6.69980340E+08, -2.18659183E-01,  0.00000000E+00
6.70630515E+08, -2.35818481E-01,  0.00000000E+00
6.71280690E+08, -2.55604198E-01,  0.00000000E+00
6.71930865E+08, -2.73499031E-01,  0.00000000E+00
6.72581041E+08, -2.90750369E-01,  0.00000000E+00
6.73231216E+08, -3.09394384E-01,  0.00000000E+00
6.73881391E+08, -3.26032590E-01,  0.00000000E+00
6.74531566E+08, -3.44635247E-01,  0.00000000E+00
6.75181741E+08, -3.61198778E-01,  0.00000000E+00
6.75831916E+08, -3.78538355E-01,  0.00000000E+00
6.76482091E+08, -3.95055600E-01,  0.00000000E+00
6.77132266E+08, -4.11478490E-01,  0.00000000E+00
6.77782441E+08, -4.26360206E-01,  0.00000000E+00
6.78432616E+08, -4.42116398E-01,  0.00000000E+00
6.79082791E+08, -4.56170041E-01,  0.00000000E+00
6.79732967E+08, -4.72236790E-01,  0.00000000E+00
6.80383142E+08, -4.85317454E-01,  0.00000000E+00
6.81033317E+08, -4.99127020E-01,  0.00000000E+00
6.81683492E+08, -5.11356996E-01,  0.00000000E+00
6.82333667E+08, -5.23952453E-01,  0.00000000E+00
6.82983842E+08, -5.35931832E-01,  0.00000000E+00
6.83634017E+08, -5.46773695E-01,  0.00000000E+00
6.84284192E+08, -5.57733349E-01,  0.00000000E+00
6.84934367E+08, -5.68262468E-01,  0.00000000E+00
6.85584542E+08, -5.76509116E-01,  0.00000000E+00
6.86234717E+08, -5.85766283E-01,  0.00000000E+00
6.86884892E+08, -5.94379030E-01,  0.00000000E+00
6.87535068E+08, -6.02448703E-01,  0.00000000E+00
6.88185243E+08, -6.09799961E-01,  0.00000000E+00
6.88835418E+08, -6.16137903E-01,  0.00000000E+00
6.89485593E+08, -6.21646135E-01,  0.00000000E+00
6.90135768E+08, -6.27777622E-01,  0.00000000E+00
6.90785943E+08, -6.33325397E-01,  0.00000000E+00
6.91436118E+08, -6.36991132E-01,  0.00000000E+00
6.92086293E+08, -6.40770710E-01,  0.00000000E+00
6.92736468E+08, -6.44658400E-01,  0.00000000E+00
6.93386643E+08, -6.47411624E-01,  0.00000000E+00
6.94036818E+08, -6.48648431E-01,  0.00000000E+00
6.94686994E+08, -6.50105572E-01,  0.00000000E+00
6.95337169E+08, -6.52079927E-01,  0.00000000E+00
6.95987344E+08, -6.52993689E-01,  0.00000000E+00
6.96637519E+08, -6.53674946E-01,  0.00000000E+00
6.97287694E+08, -6.53332575E-01,  0.00000000E+00
6.97937869E+08, -6.52996404E-01,  0.00000000E+00
6.98588044E+08, -6.51877326E-01,  0.00000000E+00
6.99238219E+08, -6.51103332E-01,  0.00000000E+00
6.99888394E+08, -6.50318182E-01,  0.00000000E+00
7.00538569E+08, -6.49103648E-01,  0.00000000E+00
7.01188744E+08, -6.47190384E-01,  0.00000000E+00
7.01838920E+08, -6.45306796E-01,  0.00000000E+00
7.02489095E+08, -6.43669198E-01,  0.00000000E+00
7.03139270E+08, -6.39587856E-01,  0.00000000E+00
7.03789445E+08, -6.37550749E-01,  0.00000000E+00
7.04439620E+08, -6.34756541E-01,  0.00000000E+00
7.05089795E+08, -6.33454202E-01,  0.00000000E+00
7.05739970E+08, -6.29346737E-01,  0.00000000E+00
7.06390145E+08, -6.27423977E-01,  0.00000000E+00
7.07040320E+08, -6.25707972E-01,  0.00000000E+00
7.07690495E+08, -6.23520842E-01,  0.00000000E+00
7.08340670E+08, -6.22382281E-01,  0.00000000E+00
7.08990845E+08, -6.19830853E-01,  0.00000000E+00
7.09641021E+08, -6.18025750E-01,  0.00000000E+00
7.10291196E+08, -6.17226258E-01,  0.00000000E+00
7.10941371E+08, -6.16515682E-01,  0.00000000E+00
7.11591546E+08, -6.15575627E-01,  0.00000000E+00
7.12241721E+08, -6.14538038E-01,  0.00000000E+00
7.12891896E+08, -6.13969808E-01,  0.00000000E+00
7.13542071E+08, -6.15226916E-01,  0.00000000E+00
7.14192246E+08, -6.15094998E-01,  0.00000000E+00
7.14842421E+08, -6.16416053E-01,  0.00000000E+00
7.15492596E+08, -6.18037081E-01,  0.00000000E+00
7.16142771E+08, -6.18614304E-01,  0.00000000E+00
7.16792947E+08, -6.20984281E-01,  0.00000000E+00
7.17443122E+08, -6.24171775E-01,  0.00000000E+00
7.18093297E+08, -6.27452176E-01,  0.00000000E+00
7.18743472E+08, -6.31873351E-01,  0.00000000E+00
7.19393647E+08, -6.36313432E-01,  0.00000000E+00
7.20043822E+08, -6.41268538E-01,  0.00000000E+00
7.20693997E+08, -6.47031129E-01,  0.00000000E+00
7.21344172E+08, -6.52422988E-01,  0.00000000E+00
7.21994347E+08, -6.59622581E-01,  0.00000000E+00
7.22644522E+08, -6.65887123E-01,  0.00000000E+00
7.23294697E+08, -6.73445620E-01,  0.00000000E+00
7.23944872E+08, -6.81057694E-01,  0.00000000E+00
7.24595048E+08, -6.89087124E-01,  0.00000000E+00
7.25245223E+08, -6.98377771E-01,  0.00000000E+00
7.25895398E+08, -7.08941162E-01,  0.00000000E+00
7.26545573E+08, -7.18216243E-01,  0.00000000E+00
7.27195748E+08, -7.27997135E-01,  0.00000000E+00
7.27845923E+08, -7.39013062E-01,  0.00000000E+00
7.28496098E+08, -7.49418305E-01,  0.00000000E+00
7.29146273E+08, -7.60665777E-01,  0.00000000E+00
7.29796448E+08, -7.72059663E-01,  0.00000000E+00
7.30446623E+08, -7.85442405E-01,  0.00000000E+00
7.31096798E+08, -7.97267085E-01,  0.00000000E+00
7.31746974E+08, -8.09761709E-01,  0.00000000E+00
7.32397149E+08, -8.22452966E-01,  0.00000000E+00
7.33047324E+08, -8.35536245E-01,  0.00000000E+00
7.33697499E+08, -8.48573414E-01,  0.00000000E+00
7.34347674E+08, -8.61729208E-01,  0.00000000E+00
7.34997849E+08, -8.75100187E-01,  0.00000000E+00
7.35648024E+08, -8.88340750E-01,  0.00000000E+00
7.36298199E+08, -9.03242971E-01,  0.00000000E+00
7.36948374E+08, -9.16804501E-01,  0.00000000E+00
7.37598549E+08, -9.30037448E-01,  0.00000000E+00
7.38248724E+08, -9.43461173E-01,  0.00000000E+00
7.38898899E+08, -9.56139054E-01,  0.00000000E+00
7.39549075E+08, -9.68962233E-01,  0.00000000E+00
7.40199250E+08, -9.81577131E-01,  0.00000000E+00
7.40849425E+08, -9.95249388E-01,  0.00000000E+00
7.41499600E+08, -1.00781568E+00,  0.00000000E+00
7.42149775E+08, -1.01936767E+00,  0.00000000E+00
7.42799950E+08, -1.03066349E+00,  0.00000000E+00
7.43450125E+08, -1.04228889E+00,  0.00000000E+00
7.44100300E+08, -1.05494579E+00,  0.00000000E+00
7.44750475E+08, -1.06460485E+00,  0.00000000E+00
7.45400650E+08, -1.07542879E+00,  0.00000000E+00
7.46050825E+08, -1.08461892E+00,  0.00000000E+00
7.46701001E+08, -1.09458140E+00,  0.00000000E+00
7.47351176E+08, -1.10397064E+00,  0.00000000E+00
7.48001351E+08, -1.11232482E+00,  0.00000000E+00
7.48651526E+08, -1.12038477E+00,  0.00000000E+00
7.49301701E+08, -1.12785781E+00,  0.00000000E+00
7.49951876E+08, -1.13399581E+00,  0.00000000E+00
7.50602051E+08, -1.14078304E+00,  0.00000000E+00
7.51252226E+08, -1.14627656E+00,  0.00000000E+00
7.51902401E+08, -1.15131979E+00,  0.00000000E+00
7.52552576E+08, -1.15535997E+00,  0.00000000E+00
7.53202751E+08, -1.15922944E+00,  0.00000000E+00
7.53852927E+08, -1.16179980E+00,  0.00000000E+00
7.54503102E+08, -1.16329515E+00,  0.00000000E+00
7.55153277E+08, -1.16532811E+00,  0.00000000E+00
7.55803452E+08, -1.16593916E+00,  0.00000000E+00
7.56453627E+08, -1.16567443E+00,  0.00000000E+00
7.57103802E+08, -1.16515299E+00,  0.00000000E+00
7.57753977E+08, -1.16320492E+00,  0.00000000E+00
7.58404152E+08, -1.16073790E+00,  0.00000000E+00
7.59054327E+08, -1.15722679E+00,  0.00000000E+00
7.59704502E+08, -1.15406601E+00,  0.00000000E+00
7.60354677E+08, -1.14907844E+00,  0.00000000E+00
7.61004852E+08, -1.14451924E+00,  0.00000000E+00
7.61655028E+08, -1.13809954E+00,  0.00000000E+00
7.62305203E+08, -1.13140499E+00,  0.00000000E+00
7.62955378E+08, -1.12318710E+00,  0.00000000E+00
7.63605553E+08, -1.11428990E+00,  0.00000000E+00
7.64255728E+08, -1.10443191E+00,  0.00000000E+00
7.64905903E+08, -1.09451731E+00,  0.00000000E+00
7.65556078E+08, -1.08487424E+00,  0.00000000E+00
7.66206253E+08, -1.07302809E+00,  0.00000000E+00
7.66856428E+08, -1.06159030E+00,  0.00000000E+00
7.67506603E+08, -1.04840941E+00,  0.00000000E+00
7.68156778E+08, -1.03473745E+00,  0.00000000E+00
7.68806954E+08, -1.02008988E+00,  0.00000000E+00
7.69457129E+08, -1.00607910E+00,  0.00000000E+00
7.70107304E+08, -9.91001391E-01,  0.00000000E+00
7.70757479E+08, -9.74782086E-01,  0.00000000E+00
7.71407654E+08, -9.58594679E-01,  0.00000000E+00
7.72057829E+08, -9.40762367E-01,  0.00000000E+00
7.72708004E+08, -9.23810394E-01,  0.00000000E+00
7.73358179E+08, -9.05741705E-01,  0.00000000E+00
7.74008354E+08, -8.87219098E-01,  0.00000000E+00
7.74658529E+08, -8.67919349E-01,  0.00000000E+00
7.75308704E+08, -8.49131949E-01,  0.00000000E+00
7.75958879E+08, -8.29029538E-01,  0.00000000E+00
7.76609055E+08, -8.09069842E-01,  0.00000000E+00
7.77259230E+08, -7.87779731E-01,  0.00000000E+00
7.77909405E+08, -7.68424991E-01,  0.00000000E+00
7.78559580E+08, -7.46704347E-01,  0.00000000E+00
7.79209755E+08, -7.25257272E-01,  0.00000000E+00
7.79859930E+08, -7.04600149E-01,  0.00000000E+00
7.80510105E+08, -6.82752615E-01,  0.00000000E+00
7.81160280E+08, -6.62277363E-01,  0.00000000E+00
7.81810455E+08, -6.41249965E-01,  0.00000000E+00
7.82460630E+08, -6.19922475E-01,  0.00000000E+00
7.83110805E+08, -5.97899357E-01,  0.00000000E+00
7.83760981E+08, -5.78012634E-01,  0.00000000E+00
7.84411156E+08, -5.56927539E-01,  0.00000000E+00
7.85061331E+08, -5.35727006E-01,  0.00000000E+00
7.85711506E+08, -5.15799141E-01,  0.00000000E+00
7.86361681E+08, -4.94405648E-01,  0.00000000E+00
7.87011856E+08, -4.75256828E-01,  0.00000000E+00
7.87662031E+08, -4.55033706E-01,  0.00000000E+00
7.88312206E+08, -4.36176324E-01,  0.00000000E+00
7.88962381E+08, -4.16461149E-01,  0.00000000E+00
7.89612556E+08, -3.99663361E-01,  0.00000000E+00
7.90262731E+08, -3.79949213E-01,  0.00000000E+00
7.90912907E+08, -3.62595777E-01,  0.00000000E+00
7.91563082E+08, -3.46719905E-01,  0.00000000E+00
7.92213257E+08, -3.30851519E-01,  0.00000000E+00
7.92863432E+08, -3.13052528E-01,  0.00000000E+00
7.93513607E+08, -2.98611052E-01,  0.00000000E+00
7.94163782E+08, -2.86483303E-01,  0.00000000E+00
7.94813957E+08, -2.70632621E-01,  0.00000000E+00
7.95464132E+08, -2.56131762E-01,  0.00000000E+00
7.96114307E+08, -2.45419489E-01,  0.00000000E+00
7.96764482E+08, -2.33927576E-01,  0.00000000E+00
7.97414657E+08, -2.22311090E-01,  0.00000000E+00
7.98064832E+08, -2.12306727E-01,  0.00000000E+00
7.98715008E+08, -2.02307980E-01,  0.00000000E+00
7.99365183E+08, -1.93762257E-01,  0.00000000E+00
8.00015358E+08, -1.84986323E-01,  0.00000000E+00
8.00665533E+08, -1.77227282E-01,  0.00000000E+00
8.01315708E+08, -1.70886130E-01,  0.00000000E+00
8.01965883E+08, -1.63873203E-01,  0.00000000E+00
8.02616058E+08, -1.59348334E-01,  0.00000000E+00
8.03266233E+08, -1.53811813E-01,  0.00000000E+00
8.03916408E+08, -1.49441991E-01,  0.00000000E+00
8.04566583E+08, -1.46786330E-01,  0.00000000E+00
8.05216758E+08, -1.43610604E-01,  0.00000000E+00
8.05866934E+08, -1.41577012E-01,  0.00000000E+00
8.06517109E+08, -1.38557054E-01,  0.00000000E+00
8.07167284E+08, -1.37824059E-01,  0.00000000E+00
8.07817459E+08, -1.37254629E-01,  0.00000000E+00
8.08467634E+08, -1.37052017E-01,  0.00000000E+00
8.09117809E+08, -1.36760663E-01,  0.00000000E+00
8.09767984E+08, -1.37467157E-01,  0.00000000E+00
8.10418159E+08, -1.38466298E-01,  0.00000000E+00
8.11068334E+08, -1.38609353E-01,  0.00000000E+00
8.11718509E+08, -1.40962605E-01,  0.00000000E+00
8.12368684E+08, -1.43088293E-01,  0.00000000E+00
8.13018859E+08, -1.45037122E-01,  0.00000000E+00
8.13669035E+08, -1.47703334E-01,  0.00000000E+00
8.14319210E+08, -1.50657024E-01,  0.00000000E+00
8.14969385E+08, -1.53642026E-01,  0.00000000E+00
8.15619560E+08, -1.56177567E-01,  0.00000000E+00
8.16269735E+08, -1.59289553E-01,  0.00000000E+00
8.16919910E+08, -1.61814732E-01,  0.00000000E+00
8.17570085E+08, -1.64633196E-01,  0.00000000E+00
8.18220260E+08, -1.67847268E-01,  0.00000000E+00
8.18870435E+08, -1.71042570E-01,  0.00000000E+00
8.19520610E+08, -1.73709906E-01,  0.00000000E+00
8.20170785E+08, -1.77386732E-01,  0.00000000E+00
8.20820961E+08, -1.79947455E-01,  0.00000000E+00
8.21471136E+08, -1.81807371E-01,  0.00000000E+00
8.22121311E+08, -1.85803619E-01,  0.00000000E+00
8.22771486E+08, -1.87911874E-01,  0.00000000E+00
8.23421661E+08, -1.88999685E-01,  0.00000000E+00
8.24071836E+08, -1.90993554E-01,  0.00000000E+00
8.24722011E+08, -1.93105766E-01,  0.00000000E+00
8.25372186E+08, -1.95231160E-01,  0.00000000E+00
8.26022361E+08, -1.96933292E-01,  0.00000000E+00
8.26672536E+08, -1.98444700E-01,  0.00000000E+00
8.27322711E+08, -1.97928203E-01,  0.00000000E+00
8.27972886E+08, -1.98707348E-01,  0.00000000E+00
8.28623062E+08, -1.99982893E-01,  0.00000000E+00
8.29273237E+08, -1.99890125E-01,  0.00000000E+00
8.29923412E+08, -1.99686550E-01,  0.00000000E+00
8.30573587E+08, -1.98549316E-01,  0.00000000E+00
8.31223762E+08, -1.97962431E-01,  0.00000000E+00
8.31873937E+08, -1.96822989E-01,  0.00000000E+00
8.32524112E+08, -1.95738229E-01,  0.00000000E+00
8.33174287E+08, -1.94508921E-01,  0.00000000E+00
8.33824462E+08, -1.92650289E-01,  0.00000000E+00
8.34474637E+08, -1.90578917E-01,  0.00000000E+00
8.35124812E+08, -1.88576055E-01,  0.00000000E+00
8.35774988E+08, -1.85720662E-01,  0.00000000E+00
8.36425163E+08, -1.82738599E-01,  0.00000000E+00
8.37075338E+08, -1.80317379E-01,  0.00000000E+00
8.37725513E+08, -1.76890608E-01,  0.00000000E+00
8.38375688E+08, -1.72998911E-01,  0.00000000E+00
8.39025863E+08, -1.70289904E-01,  0.00000000E+00
8.39676038E+08, -1.66665906E-01,  0.00000000E+00
8.40326213E+08, -1.62289490E-01,  0.00000000E+00
8.40976388E+08, -1.58696345E-01,  0.00000000E+00
8.41626563E+08, -1.54278925E-01,  0.00000000E+00
8.42276738E+08, -1.49637351E-01,  0.00000000E+00
8.42926914E+08, -1.45327180E-01,  0.00000000E+00
8.43577089E+08, -1.41673007E-01,  0.00000000E+00
8.44227264E+08, -1.38103196E-01,  0.00000000E+00
8.44877439E+08, -1.33539115E-01,  0.00000000E+00
8.45527614E+08, -1.29894554E-01,  0.00000000E+00
8.46177789E+08, -1.25407922E-01,  0.00000000E+00
8.46827964E+08, -1.20978825E-01,  0.00000000E+00
8.47478139E+08, -1.16236072E-01,  0.00000000E+00
8.48128314E+08, -1.13924639E-01,  0.00000000E+00
8.48778489E+08, -1.08834059E-01,  0.00000000E+00
8.49428664E+08, -1.04631676E-01,  0.00000000E+00
8.50078839E+08, -1.01023600E-01,  0.00000000E+00
8.50729015E+08, -9.78870862E-02,  0.00000000E+00
8.51379190E+08, -9.49682185E-02,  0.00000000E+00
8.52029365E+08, -9.15542871E-02,  0.00000000E+00
8.52679540E+08, -8.86514331E-02,  0.00000000E+00
8.53329715E+08, -8.57701940E-02,  0.00000000E+00
8.53979890E+08, -8.32444692E-02,  0.00000000E+00
8.54630065E+08, -8.04942994E-02,  0.00000000E+00
8.55280240E+08, -7.93526991E-02,  0.00000000E+00
8.55930415E+08, -7.74946296E-02,  0.00000000E+00
8.56580590E+08, -7.53880649E-02,  0.00000000E+00
8.57230765E+08, -7.44497159E-02,  0.00000000E+00
8.57880941E+08, -7.35418477E-02,  0.00000000E+00
8.58531116E+08, -7.25728700E-02,  0.00000000E+00
8.59181291E+08, -7.24617552E-02,  0.00000000E+00
8.59831466E+08, -7.21489758E-02,  0.00000000E+00
8.60481641E+08, -7.23011042E-02,  0.00000000E+00
8.61131816E+08, -7.25518743E-02,  0.00000000E+00
8.61781991E+08, -7.47158534E-02,  0.00000000E+00
8.62432166E+08, -7.49401467E-02,  0.00000000E+00
8.63082341E+08, -7.74413532E-02,  0.00000000E+00
8.63732516E+08, -7.92910081E-02,  0.00000000E+00
8.64382691E+08, -8.09506573E-02,  0.00000000E+00
8.65032866E+08, -8.30264423E-02,  0.00000000E+00
8.65683042E+08, -8.38452391E-02,  0.00000000E+00
8.66333217E+08, -8.65934436E-02,  0.00000000E+00
8.66983392E+08, -9.02142545E-02,  0.00000000E+00
8.67633567E+08, -9.35781338E-02,  0.00000000E+00
8.68283742E+08, -9.68614210E-02,  0.00000000E+00
8.68933917E+08, -1.01342101E-01,  0.00000000E+00
8.69584092E+08, -1.05673125E-01,  0.00000000E+00
8.70234267E+08, -1.10619093E-01,  0.00000000E+00
8.70884442E+08, -1.14789328E-01,  0.00000000E+00
8.71534617E+08, -1.19710395E-01,  0.00000000E+00
8.72184792E+08, -1.24206510E-01,  0.00000000E+00
8.72834968E+08, -1.30742426E-01,  0.00000000E+00
8.73485143E+08, -1.36041953E-01,  0.00000000E+00
8.74135318E+08, -1.41039471E-01,  0.00000000E+00
8.74785493E+08, -1.47611627E-01,  0.00000000E+00
8.75435668E+08, -1.53583855E-01,  0.00000000E+00
8.76085843E+08, -1.61291470E-01,  0.00000000E+00
8.76736018E+08, -1.67727545E-01,  0.00000000E+00
8.77386193E+08, -1.73862276E-01,  0.00000000E+00
8.78036368E+08, -1.81019440E-01,  0.00000000E+00
8.78686543E+08, -1.88664959E-01,  0.00000000E+00
8.79336718E+08, -1.95852141E-01,  0.00000000E+00
8.79986893E+08, -2.04140664E-01,  0.00000000E+00
8.80637069E+08, -2.11440780E-01,  0.00000000E+00
8.81287244E+08, -2.20002193E-01,  0.00000000E+00
8.81937419E+08, -2.27987598E-01,  0.00000000E+00
8.82587594E+08, -2.36491920E-01,  0.00000000E+00
8.83237769E+08, -2.46116098E-01,  0.00000000E+00
8.83887944E+08, -2.54525056E-01,  0.00000000E+00
8.84538119E+08, -2.64135230E-01,  0.00000000E+00
8.85188294E+08, -2.73510462E-01,  0.00000000E+00
8.85838469E+08, -2.83497430E-01,  0.00000000E+00
8.86488644E+08, -2.93780005E-01,  0.00000000E+00
8.87138819E+08, -3.03702554E-01,  0.00000000E+00
8.87788995E+08, -3.13749908E-01,  0.00000000E+00
8.88439170E+08, -3.24779355E-01,  0.00000000E+00
8.89089345E+08, -3.36647605E-01,  0.00000000E+00
8.89739520E+08, -3.47968552E-01,  0.00000000E+00
8.90389695E+08, -3.59724048E-01,  0.00000000E+00
8.91039870E+08, -3.71953833E-01,  0.00000000E+00
8.91690045E+08, -3.85143126E-01,  0.00000000E+00
8.92340220E+08, -3.97334155E-01,  0.00000000E+00
8.92990395E+08, -4.10058806E-01,  0.00000000E+00
8.93640570E+08, -4.24172306E-01,  0.00000000E+00
8.94290745E+08, -4.38180955E-01,  0.00000000E+00
8.94940921E+08, -4.51404854E-01,  0.00000000E+00
8.95591096E+08, -4.66624268E-01,  0.00000000E+00
8.96241271E+08, -4.81377157E-01,  0.00000000E+00
8.96891446E+08, -4.96861495E-01,  0.00000000E+00
8.97541621E+08, -5.12057642E-01,  0.00000000E+00
8.98191796E+08, -5.28382209E-01,  0.00000000E+00
8.98841971E+08, -5.45792613E-01,  0.00000000E+00
8.99492146E+08, -5.62703149E-01,  0.00000000E+00
9.00142321E+08, -5.79176437E-01,  0.00000000E+00
9.00792496E+08, -5.97230369E-01,  0.00000000E+00
9.01442671E+08, -6.14903903E-01,  0.00000000E+00
9.02092846E+08, -6.33932673E-01,  0.00000000E+00
9.02743022E+08, -6.52207690E-01,  0.00000000E+00
9.03393197E+08, -6.71474110E-01,  0.00000000E+00
9.04043372E+08, -6.91131829E-01,  0.00000000E+00
9.04693547E+08, -7.11429356E-01,  0.00000000E+00
9.05343722E+08, -7.31841919E-01,  0.00000000E+00
9.05993897E+08, -7.53169529E-01,  0.00000000E+00
9.06644072E+08, -7.73716685E-01,  0.00000000E+00
9.07294247E+08, -7.94736284E-01,  0.00000000E+00
9.07944422E+08, -8.17440970E-01,  0.00000000E+00
9.08594597E+08, -8.39451171E-01,  0.00000000E+00
9.09244772E+08, -8.62090269E-01,  0.00000000E+00
9.09894948E+08, -8.84670121E-01,  0.00000000E+00
9.10545123E+08, -9.07742385E-01,  0.00000000E+00
9.11195298E+08, -9.30675391E-01,  0.00000000E+00
9.11845473E+08, -9.54859925E-01,  0.00000000E+00
9.12495648E+08, -9.78411444E-01,  0.00000000E+00
9.13145823E+08, -1.00127819E+00,  0.00000000E+00
9.13795998E+08, -1.02563806E+00,  0.00000000E+00
9.14446173E+08, -1.04903943E+00,  0.00000000E+00
9.15096348E+08, -1.07322348E+00,  0.00000000E+00
9.15746523E+08, -1.09727597E+00,  0.00000000E+00
9.16396698E+08, -1.12168187E+00,  0.00000000E+00
9.17046873E+08, -1.14504369E+00,  0.00000000E+00
9.17697049E+08, -1.16943112E+00,  0.00000000E+00
9.18347224E+08, -1.19205750E+00,  0.00000000E+00
9.18997399E+08, -1.21595458E+00,  0.00000000E+00
9.19647574E+08, -1.24004610E+00,  0.00000000E+00
9.20297749E+08, -1.26381660E+00,  0.00000000E+00
9.20947924E+08, -1.28565139E+00,  0.00000000E+00
9.21598099E+08, -1.30860448E+00,  0.00000000E+00
9.22248274E+08, -1.33162562E+00,  0.00000000E+00
9.22898449E+08, -1.35284980E+00,  0.00000000E+00
9.23548624E+08, -1.37472808E+00,  0.00000000E+00
9.24198799E+08, -1.39714997E+00,  0.00000000E+00
9.24848975E+08, -1.41722610E+00,  0.00000000E+00
9.25499150E+08, -1.43774115E+00,  0.00000000E+00
9.26149325E+08, -1.45840267E+00,  0.00000000E+00
9.26799500E+08, -1.47805626E+00,  0.00000000E+00
9.27449675E+08, -1.49645702E+00,  0.00000000E+00
9.28099850E+08, -1.51432876E+00,  0.00000000E+00
9.28750025E+08, -1.53177582E+00,  0.00000000E+00
9.29400200E+08, -1.54922576E+00,  0.00000000E+00
9.30050375E+08, -1.56577323E+00,  0.00000000E+00
9.30700550E+08, -1.58161698E+00,  0.00000000E+00
9.31350725E+08, -1.59639237E+00,  0.00000000E+00
9.32000901E+08, -1.61145360E+00,  0.00000000E+00
9.32651076E+08, -1.62498121E+00,  0.00000000E+00
9.33301251E+08, -1.63742816E+00,  0.00000000E+00
9.33951426E+08, -1.64845628E+00,  0.00000000E+00
9.34601601E+08, -1.65957687E+00,  0.00000000E+00
9.35251776E+08, -1.66937094E+00,  0.00000000E+00
9.35901951E+08, -1.67886083E+00,  0.00000000E+00
9.36552126E+08, -1.68711367E+00,  0.00000000E+00
9.37202301E+08, -1.69277878E+00,  0.00000000E+00
9.37852476E+08, -1.70045306E+00,  0.00000000E+00
9.38502651E+08, -1.70745498E+00,  0.00000000E+00
9.39152826E+08, -1.71168077E+00,  0.00000000E+00
9.39803002E+08, -1.71608730E+00,  0.00000000E+00
9.40453177E+08, -1.71882368E+00,  0.00000000E+00
9.41103352E+08, -1.71983334E+00,  0.00000000E+00
9.41753527E+08, -1.72190271E+00,  0.00000000E+00
9.42403702E+08, -1.72154829E+00,  0.00000000E+00
9.43053877E+08, -1.72099781E+00,  0.00000000E+00
9.43704052E+08, -1.71875199E+00,  0.00000000E+00
9.44354227E+08, -1.71491431E+00,  0.00000000E+00
9.45004402E+08, -1.71075918E+00,  0.00000000E+00
9.45654577E+08, -1.70647564E+00,  0.00000000E+00
9.46304752E+08, -1.69970423E+00,  0.00000000E+00
9.46954928E+08, -1.69328486E+00,  0.00000000E+00
9.47605103E+08, -1.68593279E+00,  0.00000000E+00
9.48255278E+08, -1.67653254E+00,  0.00000000E+00
9.48905453E+08, -1.66721613E+00,  0.00000000E+00
9.49555628E+08, -1.65670480E+00,  0.00000000E+00
9.50205803E+08, -1.64546626E+00,  0.00000000E+00
9.50855978E+08, -1.63415489E+00,  0.00000000E+00
9.51506153E+08, -1.61968294E+00,  0.00000000E+00
9.52156328E+08, -1.60557380E+00,  0.00000000E+00
9.52806503E+08, -1.59044118E+00,  0.00000000E+00
9.53456678E+08, -1.57571837E+00,  0.00000000E+00
9.54106853E+08, -1.55864555E+00,  0.00000000E+00
9.54757029E+08, -1.54138117E+00,  0.00000000E+00
9.55407204E+08, -1.52318747E+00,  0.00000000E+00
9.56057379E+08, -1.50350865E+00,  0.00000000E+00
9.56707554E+08, -1.48495427E+00,  0.00000000E+00
9.57357729E+08, -1.46564343E+00,  0.00000000E+00
9.58007904E+08, -1.44340570E+00,  0.00000000E+00
9.58658079E+08, -1.42212224E+00,  0.00000000E+00
9.59308254E+08, -1.40073532E+00,  0.00000000E+00
9.59958429E+08, -1.37742161E+00,  0.00000000E+00
9.60608604E+08, -1.35525099E+00,  0.00000000E+00
9.61258779E+08, -1.33073722E+00,  0.00000000E+00
9.61908955E+08, -1.30771874E+00,  0.00000000E+00
9.62559130E+08, -1.28221881E+00,  0.00000000E+00
9.63209305E+08, -1.25823585E+00,  0.00000000E+00
9.63859480E+08, -1.23137390E+00,  0.00000000E+00
9.64509655E+08, -1.20746013E+00,  0.00000000E+00
9.65159830E+08, -1.18179429E+00,  0.00000000E+00
9.65810005E+08, -1.15482744E+00,  0.00000000E+00
9.66460180E+08, -1.12947247E+00,  0.00000000E+00
9.67110355E+08, -1.10351094E+00,  0.00000000E+00
9.67760530E+08, -1.07697598E+00,  0.00000000E+00
9.68410705E+08, -1.05233916E+00,  0.00000000E+00
9.69060880E+08, -1.02602422E+00,  0.00000000E+00
9.69711056E+08, -9.98564690E-01,  0.00000000E+00
9.70361231E+08, -9.72918060E-01,  0.00000000E+00
9.71011406E+08, -9.48253149E-01,  0.00000000E+00
9.71661581E+08, -9.22174662E-01,  0.00000000E+00
9.72311756E+08, -8.95567317E-01,  0.00000000E+00
9.72961931E+08, -8.70686149E-01,  0.00000000E+00
9.73612106E+08, -8.46381796E-01,  0.00000000E+00
9.74262281E+08, -8.20964126E-01,  0.00000000E+00
9.74912456E+08, -7.97692598E-01,  0.00000000E+00
9.75562631E+08, -7.74045071E-01,  0.00000000E+00
9.76212806E+08, -7.50014873E-01,  0.00000000E+00
9.76862982E+08, -7.28406888E-01,  0.00000000E+00
9.77513157E+08, -7.05700504E-01,  0.00000000E+00
9.78163332E+08, -6.84912998E-01,  0.00000000E+00
9.78813507E+08, -6.63985681E-01,  0.00000000E+00
9.79463682E+08, -6.42213954E-01,  0.00000000E+00
9.80113857E+08, -6.23133801E-01,  0.00000000E+00
9.80764032E+08, -6.03402664E-01,  0.00000000E+00
9.81414207E+08, -5.84425265E-01,  0.00000000E+00
9.82064382E+08, -5.67980315E-01,  0.00000000E+00
9.82714557E+08, -5.50815393E-01,  0.00000000E+00
9.83364732E+08, -5.33530674E-01,  0.00000000E+00
9.84014908E+08, -5.18229335E-01,  0.00000000E+00
9.84665083E+08, -5.02460633E-01,  0.00000000E+00
9.85315258E+08, -4.89478474E-01,  0.00000000E+00
9.85965433E+08, -4.74978122E-01,  0.00000000E+00
9.86615608E+08, -4.61749866E-01,  0.00000000E+00
9.87265783E+08, -4.50541815E-01,  0.00000000E+00
9.87915958E+08, -4.39387553E-01,  0.00000000E+00
9.88566133E+08, -4.29184037E-01,  0.00000000E+00
9.89216308E+08, -4.18954241E-01,  0.00000000E+00
9.89866483E+08, -4.09416226E-01,  0.00000000E+00
9.90516658E+08, -4.00882659E-01,  0.00000000E+00
9.91166833E+08, -3.93831078E-01,  0.00000000E+00
9.91817009E+08, -3.85736422E-01,  0.00000000E+00
9.92467184E+08, -3.79407175E-01,  0.00000000E+00
9.93117359E+08, -3.73479547E-01,  0.00000000E+00
9.93767534E+08, -3.67347599E-01,  0.00000000E+00
9.94417709E+08, -3.61845046E-01,  0.00000000E+00
9.95067884E+08, -3.57950759E-01,  0.00000000E+00
9.95718059E+08, -3.53427729E-01,  0.00000000E+00
9.96368234E+08, -3.51365339E-01,  0.00000000E+00
9.97018409E+08, -3.47282127E-01,  0.00000000E+00
9.97668584E+08, -3.44754335E-01,  0.00000000E+00
9.98318759E+08, -3.42278844E-01,  0.00000000E+00
9.98968935E+08, -3.39638348E-01,  0.00000000E+00
9.99619110E+08, -3.38865182E-01,  0.00000000E+00
1.00026928E+09, -3.37178249E-01,  0.00000000E+00
1.00091946E+09, -3.37105104E-01,  0.00000000E+00
1.00156963E+09, -3.36265751E-01,  0.00000000E+00
1.00221981E+09, -3.36247247E-01,  0.00000000E+00
1.00286999E+09, -3.34628845E-01,  0.00000000E+00
1.00352016E+09, -3.34604200E-01,  0.00000000E+00
1.00417034E+09, -3.34755477E-01,  0.00000000E+00
1.00482051E+09, -3.34336094E-01,  0.00000000E+00
1.00547069E+09, -3.34560374E-01,  0.00000000E+00
1.00612086E+09, -3.35472674E-01,  0.00000000E+00
1.00677104E+09, -3.35797268E-01,  0.00000000E+00
1.00742121E+09, -3.35531262E-01,  0.00000000E+00
1.00807139E+09, -3.35180639E-01,  0.00000000E+00
1.00872156E+09, -3.35809478E-01,  0.00000000E+00
1.00937174E+09, -3.36154178E-01,  0.00000000E+00
1.01002191E+09, -3.36848024E-01,  0.00000000E+00
1.01067209E+09, -3.36218595E-01,  0.00000000E+00
1.01132226E+09, -3.37008148E-01,  0.00000000E+00
1.01197244E+09, -3.37160336E-01,  0.00000000E+00
1.01262261E+09, -3.36640649E-01,  0.00000000E+00
1.01327279E+09, -3.37048284E-01,  0.00000000E+00
1.01392296E+09, -3.37065246E-01,  0.00000000E+00
1.01457314E+09, -3.36528228E-01,  0.00000000E+00
1.01522331E+09, -3.36975012E-01,  0.00000000E+00
1.01587349E+09, -3.36928490E-01,  0.00000000E+00
1.01652366E+09, -3.36148395E-01,  0.00000000E+00
1.01717384E+09, -3.36693923E-01,  0.00000000E+00
1.01782401E+09, -3.35469753E-01,  0.00000000E+00
1.01847419E+09, -3.34724756E-01,  0.00000000E+00
1.01912436E+09, -3.33964439E-01,  0.00000000E+00
1.01977454E+09, -3.33726487E-01,  0.00000000E+00
1.02042471E+09, -3.33662472E-01,  0.00000000E+00
1.02107489E+09, -3.33211116E-01,  0.00000000E+00
1.02172506E+09, -3.33347505E-01,  0.00000000E+00
1.02237524E+09, -3.32197340E-01,  0.00000000E+00
1.02302541E+09, -3.32782214E-01,  0.00000000E+00
1.02367559E+09, -3.32047772E-01,  0.00000000E+00
1.02432576E+09, -3.31184715E-01,  0.00000000E+00
1.02497594E+09, -3.31865829E-01,  0.00000000E+00
1.02562611E+09, -3.30453433E-01,  0.00000000E+00
1.02627629E+09, -3.30494018E-01,  0.00000000E+00
1.02692646E+09, -3.30200829E-01,  0.00000000E+00
1.02757664E+09, -3.30446966E-01,  0.00000000E+00
1.02822681E+09, -3.30391158E-01,  0.00000000E+00
1.02887699E+09, -3.30429333E-01,  0.00000000E+00
1.02952716E+09, -3.31077703E-01,  0.00000000E+00
1.03017734E+09, -3.31258527E-01,  0.00000000E+00
1.03082751E+09, -3.32730420E-01,  0.00000000E+00
1.03147769E+09, -3.32162700E-01,  0.00000000E+00
1.03212786E+09, -3.33718132E-01,  0.00000000E+00
1.03277804E+09, -3.34233444E-01,  0.00000000E+00
1.03342821E+09, -3.35774628E-01,  0.00000000E+00
1.03407839E+09, -3.36306105E-01,  0.00000000E+00
1.03472856E+09, -3.38364839E-01,  0.00000000E+00
1.03537874E+09, -3.40393310E-01,  0.00000000E+00
1.03602891E+09, -3.41633549E-01,  0.00000000E+00
1.03667909E+09, -3.43543531E-01,  0.00000000E+00
1.03732926E+09, -3.45300820E-01,  0.00000000E+00
1.03797944E+09, -3.47611225E-01,  0.00000000E+00
1.03862961E+09, -3.49163279E-01,  0.00000000E+00
1.03927979E+09, -3.51581977E-01,  0.00000000E+00
1.03992997E+09, -3.54879399E-01,  0.00000000E+00
1.04058014E+09, -3.56661410E-01,  0.00000000E+00
1.04123032E+09, -3.59287190E-01,  0.00000000E+00
1.04188049E+09, -3.64284466E-01,  0.00000000E+00
1.04253067E+09, -3.65445068E-01,  0.00000000E+00
1.04318084E+09, -3.69821811E-01,  0.00000000E+00
1.04383102E+09, -3.72267739E-01,  0.00000000E+00
1.04448119E+09, -3.75883616E-01,  0.00000000E+00
1.04513137E+09, -3.78609807E-01,  0.00000000E+00
1.04578154E+09, -3.82560609E-01,  0.00000000E+00
1.04643172E+09, -3.86649201E-01,  0.00000000E+00
1.04708189E+09, -3.89703100E-01,  0.00000000E+00
1.04773207E+09, -3.92911876E-01,  0.00000000E+00
1.04838224E+09, -3.97069291E-01,  0.00000000E+00
1.04903242E+09, -3.99590584E-01,  0.00000000E+00
1.04968259E+09, -4.02808955E-01,  0.00000000E+00
1.05033277E+09, -4.07378072E-01,  0.00000000E+00
1.05098294E+09, -4.10792827E-01,  0.00000000E+00
1.05163312E+09, -4.13398977E-01,  0.00000000E+00
1.05228329E+09, -4.17034510E-01,  0.00000000E+00
1.05293347E+09, -4.20382283E-01,  0.00000000E+00
1.05358364E+09, -4.23255407E-01,  0.00000000E+00
1.05423382E+09, -4.27201168E-01,  0.00000000E+00
1.05488399E+09, -4.29948868E-01,  0.00000000E+00
1.05553417E+09, -4.33650723E-01,  0.00000000E+00
1.05618434E+09, -4.37021409E-01,  0.00000000E+00
1.05683452E+09, -4.39848701E-01,  0.00000000E+00
1.05748469E+09, -4.42937527E-01,  0.00000000E+00
1.05813487E+09, -4.45242919E-01,  0.00000000E+00
1.05878504E+09, -4.47498713E-01,  0.00000000E+00
1.05943522E+09, -4.50283727E-01,  0.00000000E+00
1.06008539E+09, -4.52296999E-01,  0.00000000E+00
1.06073557E+09, -4.55663298E-01,  0.00000000E+00
1.06138574E+09, -4.57637900E-01,  0.00000000E+00
1.06203592E+09, -4.59876355E-01,  0.00000000E+00
1.06268609E+09, -4.61882875E-01,  0.00000000E+00
1.06333627E+09, -4.63876017E-01,  0.00000000E+00
1.06398644E+09, -4.66409764E-01,  0.00000000E+00
1.06463662E+09, -4.67363039E-01,  0.00000000E+00
1.06528679E+09, -4.69172942E-01,  0.00000000E+00
1.06593697E+09, -4.71465629E-01,  0.00000000E+00
1.06658714E+09, -4.73069434E-01,  0.00000000E+00
1.06723732E+09, -4.74878493E-01,  0.00000000E+00
1.06788749E+09, -4.76614656E-01,  0.00000000E+00
1.06853767E+09, -4.78245951E-01,  0.00000000E+00
1.06918784E+09, -4.80028779E-01,  0.00000000E+00
1.06983802E+09, -4.81600111E-01,  0.00000000E+00
1.07048819E+09, -4.83336970E-01,  0.00000000E+00
1.07113837E+09, -4.85701030E-01,  0.00000000E+00
1.07178854E+09, -4.87228344E-01,  0.00000000E+00
1.07243872E+09, -4.89061743E-01,  0.00000000E+00
1.07308889E+09, -4.91746887E-01,  0.00000000E+00
1.07373907E+09, -4.93699511E-01,  0.00000000E+00
1.07438924E+09, -4.96270851E-01,  0.00000000E+00
1.07503942E+09, -4.98111809E-01,  0.00000000E+00
1.07568959E+09, -5.02005250E-01,  0.00000000E+00
1.07633977E+09, -5.03908026E-01,  0.00000000E+00
1.07698995E+09, -5.06986713E-01,  0.00000000E+00
1.07764012E+09, -5.12248947E-01,  0.00000000E+00
1.07829030E+09, -5.15138383E-01,  0.00000000E+00
1.07894047E+09, -5.20242484E-01,  0.00000000E+00
1.07959065E+09, -5.24720932E-01,  0.00000000E+00
1.08024082E+09, -5.28153578E-01,  0.00000000E+00
1.08089100E+09, -5.33169433E-01,  0.00000000E+00
1.08154117E+09, -5.38908154E-01,  0.00000000E+00
1.08219135E+09, -5.44213073E-01,  0.00000000E+00
1.08284152E+09, -5.50011524E-01,  0.00000000E+00
1.08349170E+09, -5.56503605E-01,  0.00000000E+00
1.08414187E+09, -5.63096302E-01,  0.00000000E+00
1.08479205E+09, -5.70727883E-01,  0.00000000E+00
1.08544222E+09, -5.78045464E-01,  0.00000000E+00
1.08609240E+09, -5.85860893E-01,  0.00000000E+00
1.08674257E+09, -5.93203150E-01,  0.00000000E+00
1.08739275E+09, -6.02011955E-01,  0.00000000E+00
1.08804292E+09, -6.11050660E-01,  0.00000000E+00
1.08869310E+09, -6.21311888E-01,  0.00000000E+00
1.08934327E+09, -6.31047886E-01,  0.00000000E+00
1.08999345E+09, -6.42179919E-01,  0.00000000E+00
1.09064362E+09, -6.52834364E-01,  0.00000000E+00
1.09129380E+09, -6.64326838E-01,  0.00000000E+00
1.09194397E+09, -6.75085672E-01,  0.00000000E+00
1.09259415E+09, -6.88748943E-01,  0.00000000E+00
1.09324432E+09, -6.99741891E-01,  0.00000000E+00
1.09389450E+09, -7.12622642E-01,  0.00000000E+00
1.09454467E+09, -7.25607196E-01,  0.00000000E+00
1.09519485E+09, -7.38339018E-01,  0.00000000E+00
1.09584502E+09, -7.51644014E-01,  0.00000000E+00
1.09649520E+09, -7.65984401E-01,  0.00000000E+00
1.09714537E+09, -7.78858260E-01,  0.00000000E+00
1.09779555E+09, -7.93676308E-01,  0.00000000E+00
1.09844572E+09, -8.08471136E-01,  0.00000000E+00
1.09909590E+09, -8.22518816E-01,  0.00000000E+00
1.09974607E+09, -8.36839906E-01,  0.00000000E+00
1.10039625E+09, -8.52379756E-01,  0.00000000E+00
1.10104642E+09, -8.66705161E-01,  0.00000000E+00
1.10169660E+09, -8.81953445E-01,  0.00000000E+00
1.10234677E+09, -8.95083819E-01,  0.00000000E+00
1.10299695E+09, -9.10788828E-01,  0.00000000E+00
1.10364712E+09, -9.24610285E-01,  0.00000000E+00
1.10429730E+09, -9.38775380E-01,  0.00000000E+00
1.10494747E+09, -9.51886654E-01,  0.00000000E+00
1.10559765E+09, -9.63769071E-01,  0.00000000E+00
1.10624782E+09, -9.77733532E-01,  0.00000000E+00
1.10689800E+09, -9.89995786E-01,  0.00000000E+00
1.10754817E+09, -1.00146789E+00,  0.00000000E+00
1.10819835E+09, -1.01313047E+00,  0.00000000E+00
1.10884852E+09, -1.02398080E+00,  0.00000000E+00
1.10949870E+09, -1.03493788E+00,  0.00000000E+00
1.11014887E+09, -1.04591822E+00,  0.00000000E+00
1.11079905E+09, -1.05520045E+00,  0.00000000E+00
1.11144922E+09, -1.06453237E+00,  0.00000000E+00
1.11209940E+09, -1.07476950E+00,  0.00000000E+00
1.11274957E+09, -1.08401889E+00,  0.00000000E+00
1.11339975E+09, -1.09211499E+00,  0.00000000E+00
1.11404993E+09, -1.09990344E+00,  0.00000000E+00
1.11470010E+09, -1.10788652E+00,  0.00000000E+00
1.11535028E+09, -1.11580813E+00,  0.00000000E+00
1.11600045E+09, -1.12154310E+00,  0.00000000E+00
1.11665063E+09, -1.12659637E+00,  0.00000000E+00
1.11730080E+09, -1.13279830E+00,  0.00000000E+00
1.11795098E+09, -1.13737588E+00,  0.00000000E+00
1.11860115E+09, -1.14099481E+00,  0.00000000E+00
1.11925133E+09, -1.14489340E+00,  0.00000000E+00
1.11990150E+09, -1.14813788E+00,  0.00000000E+00
1.12055168E+09, -1.14981175E+00,  0.00000000E+00
1.12120185E+09, -1.15199111E+00,  0.00000000E+00
1.12185203E+09, -1.15265711E+00,  0.00000000E+00
1.12250220E+09, -1.15341759E+00,  0.00000000E+00
1.12315238E+09, -1.15247644E+00,  0.00000000E+00
1.12380255E+09, -1.15188186E+00,  0.00000000E+00
1.12445273E+09, -1.14910708E+00,  0.00000000E+00
1.12510290E+09, -1.14680659E+00,  0.00000000E+00
1.12575308E+09, -1.14351678E+00,  0.00000000E+00
1.12640325E+09, -1.13934126E+00,  0.00000000E+00
1.12705343E+09, -1.13442806E+00,  0.00000000E+00
1.12770360E+09, -1.12978996E+00,  0.00000000E+00
1.12835378E+09, -1.12410094E+00,  0.00000000E+00
1.12900395E+09, -1.11679097E+00,  0.00000000E+00
1.12965413E+09, -1.10945931E+00,  0.00000000E+00
1.13030430E+09, -1.10306319E+00,  0.00000000E+00
1.13095448E+09, -1.09377792E+00,  0.00000000E+00
1.13160465E+09, -1.08460804E+00,  0.00000000E+00
1.13225483E+09, -1.07471428E+00,  0.00000000E+00
1.13290500E+09, -1.06492730E+00,  0.00000000E+00
1.13355518E+09, -1.05373779E+00,  0.00000000E+00
1.13420535E+09, -1.04311132E+00,  0.00000000E+00
1.13485553E+09, -1.03119522E+00,  0.00000000E+00
1.13550570E+09, -1.01969411E+00,  0.00000000E+00
1.13615588E+09, -1.00696718E+00,  0.00000000E+00
1.13680605E+09, -9.93200712E-01,  0.00000000E+00
1.13745623E+09, -9.80238059E-01,  0.00000000E+00
1.13810640E+09, -9.66504330E-01,  0.00000000E+00
1.13875658E+09, -9.52172037E-01,  0.00000000E+00
1.13940675E+09, -9.38520757E-01,  0.00000000E+00
1.14005693E+09, -9.22985704E-01,  0.00000000E+00
1.14070710E+09, -9.08365804E-01,  0.00000000E+00
1.14135728E+09, -8.93379916E-01,  0.00000000E+00
1.14200745E+09, -8.78075254E-01,  0.00000000E+00
1.14265763E+09, -8.62029708E-01,  0.00000000E+00
1.14330780E+09, -8.45828503E-01,  0.00000000E+00
1.14395798E+09, -8.30438074E-01,  0.00000000E+00
1.14460815E+09, -8.14687712E-01,  0.00000000E+00
1.14525833E+09, -7.98853394E-01,  0.00000000E+00
1.14590850E+09, -7.83134910E-01,  0.00000000E+00
1.14655868E+09, -7.67517729E-01,  0.00000000E+00
1.14720885E+09, -7.50461017E-01,  0.00000000E+00
1.14785903E+09, -7.34136150E-01,  0.00000000E+00
1.14850920E+09, -7.18496467E-01,  0.00000000E+00
1.14915938E+09, -7.03691076E-01,  0.00000000E+00
1.14980955E+09, -6.88851672E-01,  0.00000000E+00
1.15045973E+09, -6.73784607E-01,  0.00000000E+00
1.15110991E+09, -6.59108949E-01,  0.00000000E+00
1.15176008E+09, -6.43368170E-01,  0.00000000E+00
1.15241026E+09, -6.29455524E-01,  0.00000000E+00
1.15306043E+09, -6.15556145E-01,  0.00000000E+00
1.15371061E+09, -6.01237678E-01,  0.00000000E+00
1.15436078E+09, -5.87937171E-01,  0.00000000E+00
1.15501096E+09, -5.74487341E-01,  0.00000000E+00
1.15566113E+09, -5.62487717E-01,  0.00000000E+00
1.15631131E+09, -5.50463604E-01,  0.00000000E+00
1.15696148E+09, -5.38059433E-01,  0.00000000E+00
1.15761166E+09, -5.26702658E-01,  0.00000000E+00
1.15826183E+09, -5.15474314E-01,  0.00000000E+00
1.15891201E+09, -5.05666892E-01,  0.00000000E+00
1.15956218E+09, -4.94019022E-01,  0.00000000E+00
1.16021236E+09, -4.85581454E-01,  0.00000000E+00
1.16086253E+09, -4.76092371E-01,  0.00000000E+00
1.16151271E+09, -4.67311893E-01,  0.00000000E+00
1.16216288E+09, -4.60273962E-01,  0.00000000E+00
1.16281306E+09, -4.52902953E-01,  0.00000000E+00
1.16346323E+09, -4.44692534E-01,  0.00000000E+00
1.16411341E+09, -4.39200069E-01,  0.00000000E+00
1.16476358E+09, -4.32158342E-01,  0.00000000E+00
1.16541376E+09, -4.26292832E-01,  0.00000000E+00
1.16606393E+09, -4.21661601E-01,  0.00000000E+00
1.16671411E+09, -4.16902035E-01,  0.00000000E+00
1.16736428E+09, -4.11162034E-01,  0.00000000E+00
1.16801446E+09, -4.08370008E-01,  0.00000000E+00
1.16866463E+09, -4.05177829E-01,  0.00000000E+00
1.16931481E+09, -4.01228142E-01,  0.00000000E+00
1.16996498E+09, -3.98279149E-01,  0.00000000E+00
1.17061516E+09, -3.96881121E-01,  0.00000000E+00
1.17126533E+09, -3.94576704E-01,  0.00000000E+00
1.17191551E+09, -3.94141497E-01,  0.00000000E+00
1.17256568E+09, -3.93071188E-01,  0.00000000E+00
1.17321586E+09, -3.92925707E-01,  0.00000000E+00
1.17386603E+09, -3.92679415E-01,  0.00000000E+00
1.17451621E+09, -3.92105710E-01,  0.00000000E+00
1.17516638E+09, -3.92135825E-01,  0.00000000E+00
1.17581656E+09, -3.92687599E-01,  0.00000000E+00
1.17646673E+09, -3.93819438E-01,  0.00000000E+00
1.17711691E+09, -3.94238467E-01,  0.00000000E+00
1.17776708E+09, -3.95582737E-01,  0.00000000E+00
1.17841726E+09, -3.97009228E-01,  0.00000000E+00
1.17906743E+09, -3.98052363E-01,  0.00000000E+00
1.17971761E+09, -3.99812621E-01,  0.00000000E+00
1.18036778E+09, -4.01577487E-01,  0.00000000E+00
1.18101796E+09, -4.02819200E-01,  0.00000000E+00
1.18166813E+09, -4.05583537E-01,  0.00000000E+00
1.18231831E+09, -4.07656546E-01,  0.00000000E+00
1.18296848E+09, -4.09668278E-01,  0.00000000E+00
1.18361866E+09, -4.12674334E-01,  0.00000000E+00
1.18426883E+09, -4.13750069E-01,  0.00000000E+00
1.18491901E+09, -4.15799632E-01,  0.00000000E+00
1.18556918E+09, -4.17798486E-01,  0.00000000E+00
1.18621936E+09, -4.20412259E-01,  0.00000000E+00
1.18686953E+09, -4.22868077E-01,  0.00000000E+00
1.18751971E+09, -4.26188953E-01,  0.00000000E+00
1.18816988E+09, -4.26714340E-01,  0.00000000E+00
1.18882006E+09, -4.29054000E-01,  0.00000000E+00
1.18947024E+09, -4.31171773E-01,  0.00000000E+00
1.19012041E+09, -4.33766956E-01,  0.00000000E+00
1.19077059E+09, -4.35119394E-01,  0.00000000E+00
1.19142076E+09, -4.36802964E-01,  0.00000000E+00
1.19207094E+09, -4.38617337E-01,  0.00000000E+00
1.19272111E+09, -4.40707287E-01,  0.00000000E+00
1.19337129E+09, -4.41635699E-01,  0.00000000E+00
1.19402146E+09, -4.42561478E-01,  0.00000000E+00
1.19467164E+09, -4.43482479E-01,  0.00000000E+00
1.19532181E+09, -4.44191798E-01,  0.00000000E+00
1.19597199E+09, -4.45573338E-01,  0.00000000E+00
1.19662216E+09, -4.46999882E-01,  0.00000000E+00
1.19727234E+09, -4.47923833E-01,  0.00000000E+00
1.19792251E+09, -4.48607721E-01,  0.00000000E+00
1.19857269E+09, -4.48314569E-01,  0.00000000E+00
1.19922286E+09, -4.50091118E-01,  0.00000000E+00
1.19987304E+09, -4.49278004E-01,  0.00000000E+00
1.20052321E+09, -4.49777972E-01,  0.00000000E+00
1.20117339E+09, -4.50226009E-01,  0.00000000E+00
1.20182356E+09, -4.50491850E-01,  0.00000000E+00
1.20247374E+09, -4.49137074E-01,  0.00000000E+00
1.20312391E+09, -4.48971593E-01,  0.00000000E+00
1.20377409E+09, -4.49632655E-01,  0.00000000E+00
1.20442426E+09, -4.48743734E-01,  0.00000000E+00
1.20507444E+09, -4.47639432E-01,  0.00000000E+00
1.20572461E+09, -4.48684075E-01,  0.00000000E+00
1.20637479E+09, -4.47211948E-01,  0.00000000E+00
1.20702496E+09, -4.46436232E-01,  0.00000000E+00
1.20767514E+09, -4.47239150E-01,  0.00000000E+00
1.20832531E+09, -4.46041771E-01,  0.00000000E+00
1.20897549E+09, -4.43695130E-01,  0.00000000E+00
1.20962566E+09, -4.42973746E-01,  0.00000000E+00
1.21027584E+09, -4.42464782E-01,  0.00000000E+00
1.21092601E+09, -4.41856823E-01,  0.00000000E+00
1.21157619E+09, -4.39502210E-01,  0.00000000E+00
1.21222636E+09, -4.38983523E-01,  0.00000000E+00
1.21287654E+09, -4.37486305E-01,  0.00000000E+00
1.21352671E+09, -4.35719708E-01,  0.00000000E+00
1.21417689E+09, -4.35710027E-01,  0.00000000E+00
1.21482706E+09, -4.33816787E-01,  0.00000000E+00
1.21547724E+09, -4.32440611E-01,  0.00000000E+00
1.21612741E+09, -4.31609305E-01,  0.00000000E+00
1.21677759E+09, -4.29340136E-01,  0.00000000E+00
1.21742776E+09, -4.28535976E-01,  0.00000000E+00
1.21807794E+09, -4.28194592E-01,  0.00000000E+00
1.21872811E+09, -4.26123326E-01,  0.00000000E+00
1.21937829E+09, -4.24295160E-01,  0.00000000E+00
1.22002846E+09, -4.22951550E-01,  0.00000000E+00
1.22067864E+09, -4.21199045E-01,  0.00000000E+00
1.22132881E+09, -4.20072516E-01,  0.00000000E+00
1.22197899E+09, -4.18475398E-01,  0.00000000E+00
1.22262916E+09, -4.16714739E-01,  0.00000000E+00
1.22327934E+09, -4.14962338E-01,  0.00000000E+00
1.22392951E+09, -4.13668729E-01,  0.00000000E+00
1.22457969E+09, -4.12543773E-01,  0.00000000E+00
1.22522986E+09, -4.11371689E-01,  0.00000000E+00
1.22588004E+09, -4.09726001E-01,  0.00000000E+00
1.22653022E+09, -4.08970059E-01,  0.00000000E+00
1.22718039E+09, -4.08167928E-01,  0.00000000E+00
1.22783057E+09, -4.06964453E-01,  0.00000000E+00
1.22848074E+09, -4.04604972E-01,  0.00000000E+00
1.22913092E+09, -4.02994222E-01,  0.00000000E+00
1.22978109E+09, -4.01921268E-01,  0.00000000E+00
1.23043127E+09, -4.01429424E-01,  0.00000000E+00
1.23108144E+09, -3.99475613E-01,  0.00000000E+00
1.23173162E+09, -3.98626671E-01,  0.00000000E+00
1.23238179E+09, -3.97488209E-01,  0.00000000E+00
1.23303197E+09, -3.96091693E-01,  0.00000000E+00
1.23368214E+09, -3.94744035E-01,  0.00000000E+00
1.23433232E+09, -3.93670111E-01,  0.00000000E+00
1.23498249E+09, -3.93000289E-01,  0.00000000E+00
1.23563267E+09, -3.91498241E-01,  0.00000000E+00
1.23628284E+09, -3.90246380E-01,  0.00000000E+00
1.23693302E+09, -3.91041406E-01,  0.00000000E+00
1.23758319E+09, -3.90074548E-01,  0.00000000E+00
1.23823337E+09, -3.89016061E-01,  0.00000000E+00
1.23888354E+09, -3.89009828E-01,  0.00000000E+00
1.23953372E+09, -3.88568979E-01,  0.00000000E+00
1.24018389E+09, -3.87924447E-01,  0.00000000E+00
1.24083407E+09, -3.88261862E-01,  0.00000000E+00
1.24148424E+09, -3.88687409E-01,  0.00000000E+00
1.24213442E+09, -3.88007857E-01,  0.00000000E+00
1.24278459E+09, -3.88709343E-01,  0.00000000E+00
1.24343477E+09, -3.88230810E-01,  0.00000000E+00
1.24408494E+09, -3.89307317E-01,  0.00000000E+00
1.24473512E+09, -3.89342084E-01,  0.00000000E+00
1.24538529E+09, -3.90117974E-01,  0.00000000E+00
1.24603547E+09, -3.92247150E-01,  0.00000000E+00
1.24668564E+09, -3.92448502E-01,  0.00000000E+00
1.24733582E+09, -3.92604376E-01,  0.00000000E+00
1.24798599E+09, -3.96138806E-01,  0.00000000E+00
1.24863617E+09, -3.98375864E-01,  0.00000000E+00
1.24928634E+09, -3.99917171E-01,  0.00000000E+00
1.24993652E+09, -4.02526118E-01,  0.00000000E+00
1.25058669E+09, -4.05485647E-01,  0.00000000E+00
1.25123687E+09, -4.07112210E-01,  0.00000000E+00
1.25188704E+09, -4.10768424E-01,  0.00000000E+00
1.25253722E+09, -4.14184790E-01,  0.00000000E+00
1.25318739E+09, -4.18966376E-01,  0.00000000E+00
1.25383757E+09, -4.22200878E-01,  0.00000000E+00
1.25448774E+09, -4.26519078E-01,  0.00000000E+00
1.25513792E+09, -4.31165699E-01,  0.00000000E+00
1.25578809E+09, -4.36577279E-01,  0.00000000E+00
1.25643827E+09, -4.41536286E-01,  0.00000000E+00
1.25708844E+09, -4.46489008E-01,  0.00000000E+00
1.25773862E+09, -4.52591292E-01,  0.00000000E+00
1.25838879E+09, -4.58815018E-01,  0.00000000E+00
1.25903897E+09, -4.65755177E-01,  0.00000000E+00
1.25968914E+09, -4.71984383E-01,  0.00000000E+00
1.26033932E+09, -4.79266142E-01,  0.00000000E+00
1.26098949E+09, -4.86962712E-01,  0.00000000E+00
1.26163967E+09, -4.94188219E-01,  0.00000000E+00
1.26228984E+09, -5.03159380E-01,  0.00000000E+00
1.26294002E+09, -5.12026355E-01,  0.00000000E+00
1.26359020E+09, -5.20261778E-01,  0.00000000E+00
1.26424037E+09, -5.28904217E-01,  0.00000000E+00
1.26489055E+09, -5.39301994E-01,  0.00000000E+00
1.26554072E+09, -5.49432135E-01,  0.00000000E+00
1.26619090E+09, -5.59467499E-01,  0.00000000E+00
1.26684107E+09, -5.70293136E-01,  0.00000000E+00
1.26749125E+09, -5.80470327E-01,  0.00000000E+00
1.26814142E+09, -5.91450070E-01,  0.00000000E+00
1.26879160E+09, -6.02822122E-01,  0.00000000E+00
1.26944177E+09, -6.14053082E-01,  0.00000000E+00
1.27009195E+09, -6.26095791E-01,  0.00000000E+00
1.27074212E+09, -6.37696485E-01,  0.00000000E+00
1.27139230E+09, -6.50451875E-01,  0.00000000E+00
1.27204247E+09, -6.62551561E-01,  0.00000000E+00
1.27269265E+09, -6.74988666E-01,  0.00000000E+00
1.27334282E+09, -6.86311658E-01,  0.00000000E+00
1.27399300E+09, -6.99140373E-01,  0.00000000E+00
1.27464317E+09, -7.12671864E-01,  0.00000000E+00
1.27529335E+09, -7.24821602E-01,  0.00000000E+00
1.27594352E+09, -7.39095022E-01,  0.00000000E+00
1.27659370E+09, -7.52426193E-01,  0.00000000E+00
1.27724387E+09, -7.64548376E-01,  0.00000000E+00
1.27789405E+09, -7.78605182E-01,  0.00000000E+00
1.27854422E+09, -7.91880045E-01,  0.00000000E+00
1.27919440E+09, -8.04856214E-01,  0.00000000E+00
1.27984457E+09, -8.18157784E-01,  0.00000000E+00
1.28049475E+09, -8.32443417E-01,  0.00000000E+00
1.28114492E+09, -8.44391017E-01,  0.00000000E+00
1.28179510E+09, -8.56973395E-01,  0.00000000E+00
1.28244527E+09, -8.69928786E-01,  0.00000000E+00
1.28309545E+09, -8.83888206E-01,  0.00000000E+00
1.28374562E+09, -8.96713762E-01,  0.00000000E+00
1.28439580E+09, -9.10071053E-01,  0.00000000E+00
1.28504597E+09, -9.21848768E-01,  0.00000000E+00
1.28569615E+09, -9.33539352E-01,  0.00000000E+00
1.28634632E+09, -9.46553815E-01,  0.00000000E+00
1.28699650E+09, -9.57483649E-01,  0.00000000E+00
1.28764667E+09, -9.69246091E-01,  0.00000000E+00
1.28829685E+09, -9.81382573E-01,  0.00000000E+00
1.28894702E+09, -9.92297457E-01,  0.00000000E+00
1.28959720E+09, -1.00281176E+00,  0.00000000E+00
1.29024737E+09, -1.01401317E+00,  0.00000000E+00
1.29089755E+09, -1.02432502E+00,  0.00000000E+00
1.29154772E+09, -1.03455979E+00,  0.00000000E+00
1.29219790E+09, -1.04488863E+00,  0.00000000E+00
1.29284807E+09, -1.05299800E+00,  0.00000000E+00
1.29349825E+09, -1.06111220E+00,  0.00000000E+00
1.29414842E+09, -1.06991494E+00,  0.00000000E+00
1.29479860E+09, -1.07784895E+00,  0.00000000E+00
1.29544877E+09, -1.08584387E+00,  0.00000000E+00
1.29609895E+09, -1.09437059E+00,  0.00000000E+00
1.29674912E+09, -1.10218086E+00,  0.00000000E+00
1.29739930E+09, -1.10841291E+00,  0.00000000E+00
1.29804947E+09, -1.11339562E+00,  0.00000000E+00
1.29869965E+09, -1.11974480E+00,  0.00000000E+00
1.29934982E+09, -1.12623364E+00,  0.00000000E+00
1.30000000E+09, -1.13118819E+00,  0.00000000E+00
